building_or_title,address,price,bedrooms,bathrooms,sqft,source_url,method,address_used_for_geocoding,latitude,longitude,zip_code,distance_from_uiuc_miles
" Schedule Showing LESS THAN A BLOCK FROM KAM'S 32 E. Green St Champaign IL, 61820 Schedule a Showing View All Images Back to Listings Beds B",,1025,2.0,,,https://www.greenstrealty.com/properties/profile/32-e-green-st,regex_context,"32 E. Green St, Champaign, IL",40.1105956,-88.2405602,61820.0,0.92
"owing LESS THAN A BLOCK FROM KAM'S 32 E. Green St Champaign IL, 61820 Schedule a Showing View All Images Back to Listings Beds Baths Price A",,2050,2.0,,,https://www.greenstrealty.com/properties/profile/32-e-green-st,regex_context,"32 E. Green St, Champaign, IL",40.1105956,-88.2405602,61820.0,0.92
"KAM'S 32 E. Green St Champaign IL, 61820 Schedule a Showing View All Images Back to Listings Beds Baths Price Availability 2 Bedroom 2 2.0 $",,900,2.0,,,https://www.greenstrealty.com/properties/profile/32-e-green-st,regex_context,"32 E. Green St, Champaign, IL",40.1105956,-88.2405602,61820.0,0.92
sing 1 private bedroom in a furnished 4BR / 2BA apartment at 901 S 2nd St. This is a female unit and we're looking for a 4th roommate. Lease,,895,4.0,2.0,,https://www.greenstrealty.com/subleasing/available-subleases,regex_context,"901 S 2nd St, Champaign, IL",40.107799,-88.237126,61820.0,0.66
" of 706 S Locust St. From 4.1-7.31, female unit, no security deposit is required. Contact Sublessor Learn More 1 Bedroom 803 W Green St - Un",,400,1.0,,,https://www.greenstrealty.com/subleasing/available-subleases,regex_context,"706 S Locust St, Champaign, IL",40.1096069,-88.2399617,61820.0,0.86
"| $610/MONTH INCLUDING UTILITIES 】 - 210 E White St, Champaign, IL 61820-4254, United States - Very close to engineering quad on campus - 3 ",,610,3.0,1.0,,https://www.greenstrealty.com/subleasing/available-subleases,regex_context,"210 E White St, Champaign, IL",40.1146921,-88.2359167,61820.0,0.99
" Private Bedroom in a currently male 4B2B apartment at 304 E Clark St this summer, open to all genders, from late May (Or June) to July! Oth",,450,4.0,,,https://www.greenstrealty.com/subleasing/available-subleases,regex_context,"304 E Clark St, Champaign, IL",40.1156772,-88.2349661,61820.0,1.03
"ready paid for. Message me if you’re interested or want more... Learn More Studio 509 E Clark St - Unit 16 This unit is a female unit, studi",,995,0.0,,,https://www.greenstrealty.com/subleasing/available-subleases,regex_context,"509 E Clark St, Champaign, IL",40.115146,-88.2309165,61820.0,0.93
"partment at 502 E. Springfield Ave, Apt. 308.for immediate occupancy. The other two rooms are already occupied by quiet, respectful roommate",,534,2.0,2.0,,https://www.greenstrealty.com/subleasing/available-subleases,regex_context,"502 E. Springfield Ave, Champaign, IL",40.1128824,-88.2312657,61820.0,0.78
"Bedroom 304 E Clark St - Unit 101 Summer Sublease – 304 E Clark St, Champaign Looking for someone to sublease my apartment at 304 E Clark St",,510,,,,https://www.greenstrealty.com/subleasing/available-subleases,regex_context,"304 E Clark St, Champaign, IL",40.1156772,-88.2349661,61820.0,1.03
ainger Library Contact Sublessor Learn More Studio 103 E Healey St - Unit 303 I am looking to sublease my studio apartment. It's a 12 month ,,1275,0.0,,,https://www.greenstrealty.com/subleasing/available-subleases,regex_context,"103 E Healey St, Champaign, IL",40.1113484,-88.2385138,61820.0,0.88
"oom 1011 W Stoughton St - Unit 6 Hi everyone, I’m looking to sublease 1 bedroom in a 3 bed / 1 bath apartment at 1011 W Stoughton St, Unit 6",,625,1.0,1.0,,https://www.greenstrealty.com/subleasing/available-subleases,regex_context,"1011 W Stoughton St, Champaign, IL",40.1133436,-88.22208,61801.0,0.83
"ampaign, IL (Near UIUC) Address: 104 E John Street, Apt 504 (Bedroom B – Individual Lease) Private Bathroom Included Available: May 2026 – J",,550,4.0,,,https://www.greenstrealty.com/subleasing/available-subleases,regex_context,"104 E John Street, Champaign, IL",40.1092572,-88.2382421,61820.0,0.77
droom 805 S Fourth St - Unit 302 SUBLEASE available now! FEMALE preferred-Prime Location One Bedroom available now. Reduced Rent! So close t,,550,2.0,1.5,,https://www.greenstrealty.com/subleasing/available-subleases,regex_context,"805 S Fourth St, Champaign, IL",40.1084946,-88.2339559,61820.0,0.57
"h apartment, at Solace Mahomet, 2.1 Floorplan, located at 909 E Oak Street #433, Mahomet, IL. Includes 2 covered parking spaces.*** Option t",,1629,1.0,,,https://www.greenstrealty.com/subleasing/available-subleases,regex_context,"909 E Oak Street, Champaign, IL",40.1897135,-88.3947553,,10.74
"cated on 911 S. Locust St, just a 15-minute walk to the Illini Union and close to multiple bus stops for easy commuting. It's a quiet and sa",,750,4.0,,,https://www.greenstrealty.com/subleasing/available-subleases,regex_context,"911 S. Locust St, Champaign, IL",40.1068667,-88.2406639,61820.0,0.79
nsfer 1 private bedroom in a furnished 4BR / 2BA apartment at 901 S 2nd St. Looking for a male student roommate to join the unit. Lease Term,,895,4.0,2.0,,https://www.greenstrealty.com/subleasing/available-subleases,regex_context,"901 S 2nd St, Champaign, IL",40.107799,-88.237126,61820.0,0.66
oom 309 E Springfield Ave - Unit 203 1 Private Bedroom & Private Bathroom in a 4-Bed Apartment Sublease Period: Fall 2026 Semester / August ,,1030,,,,https://www.greenstrealty.com/subleasing/available-subleases,regex_context,"309 E Springfield Ave, Champaign, IL",40.1120881,-88.2344687,61820.0,0.8
"aid already. The other three tenants are... Learn More Studio 103 E Healey St - Unit 210 The unit to be sublease is a studio, available for ",,1300,0.0,,,https://www.greenstrealty.com/subleasing/available-subleases,regex_context,"103 E Healey St, Champaign, IL",40.1113484,-88.2385138,61820.0,0.88
"earch by Address Search by Address Done Show Map Reset Search Available August 2026 105 E Armory Ave $850 - $1,650 /bed $1,650 - $3,500 /mth",,500,4.0,4.0,,https://www.greenstrealty.com/properties,regex_context,"2026 105 E Armory Ave, Champaign, IL",40.1053916,-88.2374885,61820.0,0.59
"ble August 2026 105 E Armory Ave $850 - $1,650 /bed $1,650 - $3,500 /mth 1 - 4 bed 1 - 4 bath View Availability $500 GIFT CARD SIGNING BONUS",,725,4.0,4.0,,https://www.greenstrealty.com/properties,regex_context,"2026 105 E Armory Ave, Champaign, IL",40.1053916,-88.2374885,61820.0,0.59
"ust 2026 105 E Armory Ave $850 - $1,650 /bed $1,650 - $3,500 /mth 1 - 4 bed 1 - 4 bath View Availability $500 GIFT CARD SIGNING BONUS Availa",,800,4.0,4.0,,https://www.greenstrealty.com/properties,regex_context,"2026 105 E Armory Ave, Champaign, IL",40.1053916,-88.2374885,61820.0,0.59
"View Availability COMPLETELY REMODELED UNITS 711 W. Elm St $425 - $550 /bed $1,700 /mth 3 - 4 bed 2 bath View Availability ALL-INCLUSIVE, FU",,925,4.0,2.0,,https://www.greenstrealty.com/properties,regex_context,"711 W. Elm St, Champaign, IL",40.1164841,-88.2430932,,1.31
"bath View Availability Great campus location 1005 S. First St $995 - $1,025 /bed $995 - $1,025 /mth studio 1 bath View Availability Prime Lo",,865,0.0,1.0,,https://www.greenstrealty.com/properties,regex_context,"1005 S. First St, Champaign, IL",40.1060107,-88.2390062,61820.0,0.68
"lity Prime Location, Super Affordable 1005 S. Oak St $865 /bed $8,650 /mth 5+ bed 1 bath View Availability LARGE GROUP HOUSE IN THE HEART OF",,925,2.0,1.0,,https://www.greenstrealty.com/properties,regex_context,"1005 S. Oak St, Champaign, IL",40.1061033,-88.2418155,61820.0,0.82
"lity RECENTLY UPDATED 1007 S. Locust St $563 - $1,250 /bed $1,250 - $2,700 /mth 1 - 4 bed 1 - 2 bath View Availability GREAT CAMPUS LOCATION",,905,4.0,2.0,,https://www.greenstrealty.com/properties,regex_context,"1007 S. Locust St, Champaign, IL",40.1058577,-88.2408185,61820.0,0.77
"ty GREAT CAMPUS LOCATION 101 E Daniel St $575 - $1,250 /bed $1,250 - $2,300 /mth 1 - 4 bed 1 - 2 bath View Availability GREAT CAMPUS LOCATIO",,517,4.0,2.0,,https://www.greenstrealty.com/properties,regex_context,"101 E Daniel St, Champaign, IL",40.107611,-88.2384528,61820.0,0.71
"T CAMPUS LOCATION 101 E Daniel St $575 - $1,250 /bed $1,250 - $2,300 /mth 1 - 4 bed 1 - 2 bath View Availability GREAT CAMPUS LOCATION Avail",,700,4.0,2.0,,https://www.greenstrealty.com/properties,regex_context,"101 E Daniel St, Champaign, IL",40.107611,-88.2384528,61820.0,0.71
"011 W. Stoughton St $525 - $650 /bed $1,950 - $2,000 /mth 3 - 4 bed 1 - 2 bath View Availability COMPLETELY REMODELED UNITS - ALL INCLUSIVE!",,538,4.0,2.0,,https://www.greenstrealty.com/properties,regex_context,"011 W. Stoughton St, Champaign, IL",40.1135504,-88.2218623,61801.0,0.85
"ilability Great Campus Location! 105 S. Fourth St $650 - $1,095 /bed $1,095 - $1,300 /mth 1 - 2 bed 1 bath View Availability GREAT LOCATION ",,869,2.0,1.0,,https://www.greenstrealty.com/properties,regex_context,"105 S. Fourth St, Champaign, IL",40.1157229,-88.2338899,61820.0,1.01
"bed 1 bath View Availability GREAT LOCATION NEAR ENGINEERING QUAD! 106 E Armory Ave $869 - $1,350 /bed $1,350 - $3,600 /mth studio - 4 bed 1",,558,0.0,1.0,,https://www.greenstrealty.com/properties,regex_context,"106 E Armory Ave, Champaign, IL",40.1057377,-88.2379636,61820.0,0.63
"ath View Availability 108 E. Daniel St $869 - $1,013 /bed $2,025 - $3,600 /mth 2 - 4 bed 2 - 3 bath View Availability Walking Distance to th",,695,4.0,3.0,,https://www.greenstrealty.com/properties,regex_context,"108 E. Daniel St, Champaign, IL",40.1081934,-88.2377439,61820.0,0.7
"w Availability 108 E. Daniel St $869 - $1,013 /bed $2,025 - $3,600 /mth 2 - 4 bed 2 - 3 bath View Availability Walking Distance to the Quad ",,775,4.0,3.0,,https://www.greenstrealty.com/properties,regex_context,"108 E. Daniel St, Champaign, IL",40.1081934,-88.2377439,61820.0,0.7
ilability Walking Distance to the Quad 108 W. Green St $695 - $775 /bed $695 - $775 /mth studio - 1 bed 1 bath View Availability SECURE BUIL,,792,0.0,1.0,,https://www.greenstrealty.com/properties,regex_context,"108 W. Green St, Champaign, IL",40.1104198,-88.2444437,61820.0,1.08
"View Availability SECURE BUILDING IN A GREAT LOCATION 109 E. John St $792 /bed $2,375 /mth 3 bed 1.5 bath View Availability Available August",,750,3.0,1.5,,https://www.greenstrealty.com/properties,regex_context,"109 E. John St, Champaign, IL",40.1087284,-88.2374953,61820.0,0.72
"5 /bed $1,195 - $1,650 /mth 1 - 2 bed 1 - 1.5 bath View Availability CLOSE TO ENGINEERING! 1107 Broadmoor Dr. $483 /bed $1,450 /mth 3 bed 2 ",,675,2.0,1.5,,https://www.greenstrealty.com/properties,regex_context,"1107 Broadmoor Dr, Champaign, IL",40.092521,-88.263836,61821.0,2.05
"CLOSE TO DOWNTOWN CHAMPAGIN 1401 Hollycrest Dr. $0 /bed $1,350 /mth 3 bed 1 bath View Availability 1415 Cambridge $0 /bed $1,250 /mth 3 bed ",,825,3.0,1.0,,https://www.greenstrealty.com/properties,regex_context,"1401 Hollycrest Dr, Champaign, IL",40.100865,-88.279953,61821.0,2.8
"ility 1503 Dawson Drive $0 /bed $1,595 /mth 3 bed 2 bath View Availability 1507 W. John St. $375 /bed $1,500 /mth 4 bed 2 bath View Availabi",,598,3.0,2.0,,https://www.greenstrealty.com/properties,regex_context,"1503 Dawson Drive, Champaign, IL",40.0993774,-88.2535002,61820.0,1.41
"View Availability 1706 W. White St. $0 /bed $1,100 /mth 3 bed 1 bath View Availability 1714 Crescent Drive $532 /bed $1,595 /mth 3 bed 1 bat",,517,3.0,1.0,,https://www.greenstrealty.com/properties,regex_context,"1706 W. White St, Champaign, IL",40.1147093,-88.2751149,61821.0,2.69
"h View Availability 1714 Crescent Drive $532 /bed $1,595 /mth 3 bed 1 bath View Availability 1717 Coronado Drive $517 /bed $1,550 /mth 3 bed",,450,3.0,1.0,,https://www.greenstrealty.com/properties,regex_context,"1714 Crescent Drive, Champaign, IL",40.095991,-88.2830095,61821.0,2.99
"ilability 1714 Crescent Drive $532 /bed $1,595 /mth 3 bed 1 bath View Availability 1717 Coronado Drive $517 /bed $1,550 /mth 3 bed 2 bath Vi",,900,3.0,1.0,,https://www.greenstrealty.com/properties,regex_context,"1714 Crescent Drive, Champaign, IL",40.095991,-88.2830095,61821.0,2.99
ability 1727 Henry St $450 /bed $900 /mth 2 bed 1 bath View Availability COZY 2 BEDROOM UNITS! 1727 Park Haven Drive $0 /bed $0 /mth 1 bed 1,,567,2.0,1.0,,https://www.greenstrealty.com/properties,regex_context,"1727 Henry St, Champaign, IL",40.107162,-88.275614,61821.0,2.59
"ity COZY 2 BEDROOM UNITS! 1727 Park Haven Drive $0 /bed $0 /mth 1 bed 1 bath View Availability 1728 Park Haven $567 /bed $1,700 /mth 3 bed 2",,533,2.0,1.0,,https://www.greenstrealty.com/properties,regex_context,"1727 Park Haven Drive, Champaign, IL",40.0943481,-88.2515767,61820.0,1.4
" bath View Availability 1807 Meadow Dr. $483 /bed $1,450 /mth 3 bed 1 bath View Availability 1808 Park Haven Dr. $0 /bed $1,375 /mth 3 bed 1",,583,3.0,1.0,,https://www.greenstrealty.com/properties,regex_context,"1807 Meadow Dr, Champaign, IL",40.099558,-88.2774229,61821.0,2.67
" bath View Availability 1808 Park Haven Dr. $0 /bed $1,375 /mth 3 bed 1 bath View Availability 1809 Sadler Dr. $583 /bed $1,750 /mth 3 bed 2",,725,3.0,1.0,,https://www.greenstrealty.com/properties,regex_context,"1808 Park Haven Dr, Champaign, IL",40.0935189,-88.2513639,61820.0,1.41
"ath View Availability 1811 Sadler Dr. $725 /bed $1,450 /mth 2 bed 2 bath View Availability 1819 Sadler Dr. $583 /bed $1,750 /mth 3 bed 2 bat",,625,2.0,2.0,,https://www.greenstrealty.com/properties,regex_context,"1811 Sadler Dr, Champaign, IL",40.094428,-88.2916395,61821.0,3.45
"lity 1819 Sadler Dr. $583 /bed $1,750 /mth 3 bed 2 bath View Availability 1901 N. Lincoln Ave $625 /bed $1,250 /mth 2 bed 2 bath View Availa",,508,3.0,2.0,,https://www.greenstrealty.com/properties,regex_context,"1819 Sadler Dr, Champaign, IL",40.093609,-88.2916435,61821.0,3.46
h 2 - 3 bed 2 - 2.5 bath View Availability GREAT URBANA LOCATION! 2003 Broadmoor Dr $0 /bed $533 /mth 3 bed 1.5 bath View Availability HARDW,,563,3.0,2.5,,https://www.greenstrealty.com/properties,regex_context,"2003 Broadmoor Dr, Champaign, IL",40.094124,-88.2802655,61821.0,2.86
 bed 2 - 2.5 bath View Availability GREAT URBANA LOCATION! 2003 Broadmoor Dr $0 /bed $533 /mth 3 bed 1.5 bath View Availability HARDWOOD FLO,,925,3.0,2.5,,https://www.greenstrealty.com/properties,regex_context,"2003 Broadmoor Dr, Champaign, IL",40.094124,-88.2802655,61821.0,2.86
.5 bath View Availability GREAT URBANA LOCATION! 2003 Broadmoor Dr $0 /bed $533 /mth 3 bed 1.5 bath View Availability HARDWOOD FLOORING THRO,,925,3.0,5.0,,https://www.greenstrealty.com/properties,regex_context,"2003 Broadmoor Dr, Champaign, IL",40.094124,-88.2802655,61821.0,2.86
"lity HARDWOOD FLOORING THROUGHOUT 201 S Busey Ave $563 - $925 /bed $925 - $1,125 /mth 1 - 2 bed 1 bath View Availability AWESOME LOFTED UNIT",,875,2.0,1.0,,https://www.greenstrealty.com/properties,regex_context,"201 S Busey Ave, Champaign, IL",40.11132,-88.217847,61801.0,0.81
" - 2 bed 1 - 2 bath View Availability CAMPUS EDGE- AWESOME LOCATION WITH SPACIOUS UNITS 2017 Southwood Dr. $0 /bed $1,325 /mth 3 bed 1 bath ",,875,2.0,2.0,,https://www.greenstrealty.com/properties,regex_context,"2017 Southwood Dr, Champaign, IL",40.0955105,-88.2827765,61821.0,2.98
" - 2 bath View Availability CAMPUS EDGE- AWESOME LOCATION WITH SPACIOUS UNITS 2017 Southwood Dr. $0 /bed $1,325 /mth 3 bed 1 bath View Avail",,875,3.0,2.0,,https://www.greenstrealty.com/properties,regex_context,"2017 Southwood Dr, Champaign, IL",40.0955105,-88.2827765,61821.0,2.98
"2017 Southwood Dr. $0 /bed $1,325 /mth 3 bed 1 bath View Availability 202 E Springfield Ave $875 /bed $875 /mth 1 bed 1 bath View Availabili",,517,3.0,1.0,,https://www.greenstrealty.com/properties,regex_context,"2017 Southwood Dr, Champaign, IL",40.0955105,-88.2827765,61821.0,2.98
" View Availability 208 E. White St $565 - $725 /bed $1,450 - $1,695 /mth 2 - 3 bed 1 bath View Availability PRIME LOCATION, INTERNET INCLUDE",,648,3.0,1.0,,https://www.greenstrealty.com/properties,regex_context,"208 E. White St, Champaign, IL",40.1147003,-88.2361364,61820.0,1.0
"vailability 208 E. White St $565 - $725 /bed $1,450 - $1,695 /mth 2 - 3 bed 1 bath View Availability PRIME LOCATION, INTERNET INCLUDED Avail",,663,3.0,1.0,,https://www.greenstrealty.com/properties,regex_context,"208 E. White St, Champaign, IL",40.1147003,-88.2361364,61820.0,1.0
"6 209 E. Clark St $648 - $663 /bed $1,295 - $1,325 /mth 2 bed 1 bath View Availability CLOSE TO DOWNTOWN AND CAMPUS! Available August 2026 2",,750,2.0,1.0,,https://www.greenstrealty.com/properties,regex_context,"6 209 E. Clark St, Champaign, IL",40.1153818,-88.2378186,61820.0,1.08
"ND DOWNTOWN URBANA 210 E. White St $565 - $725 /bed $1,450 - $1,695 /mth 2 - 3 bed 1 bath View Availability GREAT LOCATION, INTERNET INCLUDE",,438,3.0,1.0,,https://www.greenstrealty.com/properties,regex_context,"210 E. White St, Champaign, IL",40.1146921,-88.2359167,61820.0,0.99
"TOWN URBANA 210 E. White St $565 - $725 /bed $1,450 - $1,695 /mth 2 - 3 bed 1 bath View Availability GREAT LOCATION, INTERNET INCLUDED Avail",,548,3.0,1.0,,https://www.greenstrealty.com/properties,regex_context,"210 E. White St, Champaign, IL",40.1146921,-88.2359167,61820.0,0.99
"203 Belmore Drive $517 /bed $1,550 /mth 3 bed 1.5 bath View Availability COMPLETELY REMODELED 2403 Hathaway $0 /bed $1,375 /mth 3 bed 1.5 ba",,583,3.0,1.5,,https://www.greenstrealty.com/properties,regex_context,"203 Belmore Drive, Champaign, IL",40.0876826,-88.2834252,61821.0,3.14
"w Availability 2702 Southwood Dr. $583 /bed $1,750 /mth 3 bed 2 bath View Availability 2804 Southwood Dr. $0 /bed $1,700 /mth 3 bed 2 bath V",,550,3.0,2.0,,https://www.greenstrealty.com/properties,regex_context,"2702 Southwood Dr, Champaign, IL",40.093466,-88.291056,61821.0,3.43
"04 Southwood Dr. $0 /bed $1,700 /mth 3 bed 2 bath View Availability 2906 S. Myra Ridge Dr. $550 /bed $1,650 /mth 3 bed 2 bath View Availabil",,483,3.0,2.0,,https://www.greenstrealty.com/properties,regex_context,"04 Southwood Dr, Champaign, IL",40.0956108,-88.2823308,61821.0,2.95
"2906 S. Myra Ridge Dr. $550 /bed $1,650 /mth 3 bed 2 bath View Availability RECENTLY UPDATED 3001 W. Daniel St. $483 /bed $1,450 /mth 3 bed ",,713,3.0,2.0,,https://www.greenstrealty.com/properties,regex_context,"2906 S. Myra Ridge Dr, Champaign, IL",40.0745304,-88.1851877,61802.0,2.92
"D 3001 W. Daniel St. $483 /bed $1,450 /mth 3 bed 1 bath View Availability 301 E Clark St $713 - $1,195 /bed $1,195 - $1,425 /mth 1 - 2 bed 1",,588,3.0,1.0,,https://www.greenstrealty.com/properties,regex_context,"3001 W. Daniel St, Champaign, IL",40.108082,-88.295547,61821.0,3.65
"ity GREAT CAMPUS LOCATION CLOSE TO COUNTY MARKET 301 S Fourth St $738 /bed $1,475 /mth 2 bed 2 bath View Availability CLOSE TO ENGINEERING C",,925,2.0,2.0,,https://www.greenstrealty.com/properties,regex_context,"301 S Fourth St, Champaign, IL",40.1141399,-88.2337785,61820.0,0.91
"CAMPUS LOCATION CLOSE TO COUNTY MARKET 301 S Fourth St $738 /bed $1,475 /mth 2 bed 2 bath View Availability CLOSE TO ENGINEERING CAMPUS AND ",,925,2.0,2.0,,https://www.greenstrealty.com/properties,regex_context,"301 S Fourth St, Champaign, IL",40.1141399,-88.2337785,61820.0,0.91
LOSE TO ENGINEERING CAMPUS AND GROCERY STORE! 301 W Green St $925 /bed $925 /mth 1 bed 1 bath View Availability CLOSE TO CAMPUS AND DOWNTOWN,,617,1.0,1.0,,https://www.greenstrealty.com/properties,regex_context,"301 W Green St, Champaign, IL",40.1099179,-88.2470272,61820.0,1.18
"ETELY REMODELED UNITS 302 S. State St $625 - $1,050 /bed $625 - $1,050 /mth studio - 1 bed 1 bath View Availability GREAT LOCATION CLOSE TO ",,483,0.0,1.0,,https://www.greenstrealty.com/properties,regex_context,"302 S. State St, Champaign, IL",40.1142151,-88.2466921,61820.0,1.33
"lability UPDATED UNITS, GREAT LOCATION! 305 S. Fifth St $880 /bed $8,800 /mth 5+ bed 5 bath View Availability GROUP HOUSE IN A GREAT LOCATIO",,825,2.0,5.0,,https://www.greenstrealty.com/properties,regex_context,"305 S. Fifth St, Champaign, IL",40.1138574,-88.2323508,61820.0,0.86
" Availability Modern Downtown Champaign Living 305 W. Elm St $548 /bed $1,095 /mth 2 bed 1 bath View Availability GREAT URBANA LOCATION CLOS",,500,2.0,1.0,,https://www.greenstrealty.com/properties,regex_context,"305 W. Elm St, Champaign, IL",40.1164841,-88.2430932,,1.31
" Availability GREAT URBANA LOCATION CLOSE TO DOWNTOWN AND CAMPUS 306 E Clark St $500 - $1,200 /bed $1,200 - $1,500 /mth studio - 3 bed 1 - 2",,600,0.0,2.0,,https://www.greenstrealty.com/properties,regex_context,"306 E Clark St, Champaign, IL",40.1155906,-88.2347639,61820.0,1.02
bath View Availability ASK ABOUT SIGNING SPECIAL 306 S. Fifth St $843 /bed $11 /mth 5+ bed 5 bath View Availability GREAT GROUP HOUSE! Avail,,950,4.0,5.0,,https://www.greenstrealty.com/properties,regex_context,"306 S. Fifth St, Champaign, IL",40.1138469,-88.2318281,61820.0,0.85
" studio - 3 bed 1 - 1.5 bath View Availability GREAT CAMPUS LOCATION! 313 Stanage Ave $465 /bed $1,395 /mth 3 bed 1 bath View Availability C",,867,0.0,1.5,,https://www.greenstrealty.com/properties,regex_context,"313 Stanage Ave, Champaign, IL",40.1047772,-88.2481645,61820.0,1.13
" - 3 bed 1 - 1.5 bath View Availability GREAT CAMPUS LOCATION! 313 Stanage Ave $465 /bed $1,395 /mth 3 bed 1 bath View Availability COMPLETE",,913,3.0,1.5,,https://www.greenstrealty.com/properties,regex_context,"313 Stanage Ave, Champaign, IL",40.1047772,-88.2481645,61820.0,1.13
"32 E. Chester St. $1,550 /bed $1,550 /mth 1 bed 1 bath View Availability Available August 2026 320 N Neil St $1,000 /bed $2,000 /mth 2 bed 2",,450,1.0,1.0,,https://www.greenstrealty.com/properties,regex_context,"32 E. Chester St, Champaign, IL",40.1165592,-88.2419939,61820.0,1.27
"20 N Neil St $1,000 /bed $2,000 /mth 2 bed 2 bath View Availability 325 N. Fair St. $450 /bed $1,350 /mth 3 bed 1 bath View Availability Ava",,788,2.0,2.0,,https://www.greenstrealty.com/properties,regex_context,"20 N Neil St, Champaign, IL",40.1358446,-88.2436521,61820.0,2.49
"UIET AREA Available August 2026 402-408 W. Church St. $898 - $1,495 /bed $1,250 - $1,795 /mth studio - 2 bed 1 - 2 bath View Availability AC",,625,0.0,2.0,,https://www.greenstrealty.com/properties,regex_context,"408 W. Church St, Champaign, IL",40.1184876,-88.2491986,61820.0,1.63
"h View Availability Fully Remodeled Units 406 N. Randolph St. $463 - $1,000 /bed $900 - $1,000 /mth 1 - 2 bed 1 bath View Availability Avail",,995,2.0,1.0,,https://www.greenstrealty.com/properties,regex_context,"406 N. Randolph St, Champaign, IL",40.1193854,-88.2450753,61820.0,1.53
"ilability Fully Remodeled Units 406 N. Randolph St. $463 - $1,000 /bed $900 - $1,000 /mth 1 - 2 bed 1 bath View Availability Available Augus",,800,2.0,1.0,,https://www.greenstrealty.com/properties,regex_context,"406 N. Randolph St, Champaign, IL",40.1193854,-88.2450753,61820.0,1.53
"ty Fully Remodeled Units 406 N. Randolph St. $463 - $1,000 /bed $900 - $1,000 /mth 1 - 2 bed 1 bath View Availability Available August 2026 ",,995,2.0,1.0,,https://www.greenstrealty.com/properties,regex_context,"406 N. Randolph St, Champaign, IL",40.1193854,-88.2450753,61820.0,1.53
"OCATION 501 E. University Ave $800 - $898 /bed $1,795 - $2,400 /mth 2 - 3 bed 2 bath View Availability GREAT LOCATION NEAR ENGINEERING CAMPU",,900,3.0,2.0,,https://www.greenstrealty.com/properties,regex_context,"501 E. University Ave, Champaign, IL",40.116072,-88.2317838,61820.0,1.0
"STANDING LOCATION NEAR COUNTY MARKET 505 S. Second St $888 /bed $14 - $3,550 /mth 4 - 5+ bed 4.5 - 5 bath View Availability AMAZING UNITS WI",,795,1.0,5.0,,https://www.greenstrealty.com/properties,regex_context,"505 S. Second St, Champaign, IL",40.1121395,-88.23741,61820.0,0.88
"OCATION NEAR COUNTY MARKET 505 S. Second St $888 /bed $14 - $3,550 /mth 4 - 5+ bed 4.5 - 5 bath View Availability AMAZING UNITS WITH HUGE RO",,795,1.0,5.0,,https://www.greenstrealty.com/properties,regex_context,"505 S. Second St, Champaign, IL",40.1121395,-88.23741,61820.0,0.88
 UNITS WITH HUGE ROOFTOP LOUNGE 506 W. Griggs St $795 /bed $795 /mth 1 bed 1 bath View Availability GREAT URBANA LOCATION WITH FREE PARKING!,,488,1.0,1.0,,https://www.greenstrealty.com/properties,regex_context,"506 W. Griggs St, Champaign, IL",40.1145901,-88.2128599,61801.0,1.15
H HUGE ROOFTOP LOUNGE 506 W. Griggs St $795 /bed $795 /mth 1 bed 1 bath View Availability GREAT URBANA LOCATION WITH FREE PARKING! Available,,975,1.0,1.0,,https://www.greenstrealty.com/properties,regex_context,"506 W. Griggs St, Champaign, IL",40.1145901,-88.2128599,61801.0,1.15
"bath View Availability 508 S. First St $613 - $1,100 /bed $950 - $2,500 /mth studio - 4 bed 1 - 2 bath View Availability LARGE UNITS WITH IN",,795,0.0,2.0,,https://www.greenstrealty.com/properties,regex_context,"508 S. First St, Champaign, IL",40.1118627,-88.2385366,61820.0,0.91
"Availability 508 S. First St $613 - $1,100 /bed $950 - $2,500 /mth studio - 4 bed 1 - 2 bath View Availability LARGE UNITS WITH IN-UNIT WASH",,795,0.0,2.0,,https://www.greenstrealty.com/properties,regex_context,"508 S. First St, Champaign, IL",40.1118627,-88.2385366,61820.0,0.91
 bath View Availability LARGE UNITS WITH IN-UNIT WASHER AND DRYER 508 W. Griggs St $795 /bed $795 /mth 1 bed 1 bath View Availability FREE P,,995,1.0,1.0,,https://www.greenstrealty.com/properties,regex_context,"508 W. Griggs St, Champaign, IL",40.1145902,-88.2128612,61801.0,1.15
lity LARGE UNITS WITH IN-UNIT WASHER AND DRYER 508 W. Griggs St $795 /bed $795 /mth 1 bed 1 bath View Availability FREE PARKING AND GREAT BA,,995,1.0,1.0,,https://www.greenstrealty.com/properties,regex_context,"508 W. Griggs St, Champaign, IL",40.1145902,-88.2128612,61801.0,1.15
"ath View Availability 511 Breen Dr $550 /bed $1,650 /mth 3 bed 2 bath View Availability 512 Breen Dr. $0 /bed $1,325 /mth 3 bed 1 bath View ",,895,1.0,2.0,,https://www.greenstrealty.com/properties,regex_context,"511 Breen Dr, Champaign, IL",40.0936031,-88.2511687,61820.0,1.4
"ilable August 2026 54 E. John St $1,300 - $1,425 /bed $1,300 - $1,425 /mth studio - 1 bed 1 bath View Availability ALL INCLUSIVE UNITS! WALK",,613,0.0,1.0,,https://www.greenstrealty.com/properties,regex_context,"2026 54 E. John St, Champaign, IL",40.1090407,-88.2345331,61820.0,0.62
"ailability CLOSE TO KAM'S AND NIGHTLIFE ON GREEN STREET 56 1/2 E Green St $1,125 /bed $1,125 /mth 1 bed 1 bath View Availability RECENTLY RE",,790,1.0,1.0,,https://www.greenstrealty.com/properties,regex_context,"2 E Green St, Champaign, IL",40.110263,-88.243308,61820.0,1.03
"h View Availability Available August 2026 57 E John St $698 - $1,225 /bed $1,075 - $1,395 /mth studio - 2 bed 1 bath View Availability Avail",,925,0.0,1.0,,https://www.greenstrealty.com/properties,regex_context,"2026 57 E John St, Champaign, IL",40.1090407,-88.2345331,61820.0,0.62
"ilability Available August 2026 57 E John St $698 - $1,225 /bed $1,075 - $1,395 /mth studio - 2 bed 1 bath View Availability Available Augus",,795,0.0,1.0,,https://www.greenstrealty.com/properties,regex_context,"2026 57 E John St, Champaign, IL",40.1090407,-88.2345331,61820.0,0.62
"ty Available August 2026 57 E John St $698 - $1,225 /bed $1,075 - $1,395 /mth studio - 2 bed 1 bath View Availability Available August 2026 ",,925,0.0,1.0,,https://www.greenstrealty.com/properties,regex_context,"2026 57 E John St, Champaign, IL",40.1090407,-88.2345331,61820.0,0.62
" Availability GREAT GROUP HOUSE 606 Breen Dr. $517 /bed $1,550 /mth 3 bed 1 bath View Availability 606 Richards Ln. $0 /bed $1,375 /mth 3 be",,583,6.0,1.0,,https://www.greenstrealty.com/properties,regex_context,"606 Breen Dr, Champaign, IL",40.0937728,-88.2517272,61820.0,1.42
" View Availability GREAT LOCATION BETWEEN GREEN AND JOHN 608 Breen Dr. $575 /bed $1,725 /mth 3 bed 2.5 bath View Availability Available Augu",,950,3.0,2.5,,https://www.greenstrealty.com/properties,regex_context,"608 Breen Dr, Champaign, IL",40.0937734,-88.2517629,61820.0,1.42
"ailability 612 Breen Dr. $517 /bed $1,550 /mth 3 bed 1 bath View Availability 617 Richards $0 /bed $1,400 /mth 3 bed 1 bath View Availabilit",,800,2.0,1.0,,https://www.greenstrealty.com/properties,regex_context,"612 Breen Dr, Champaign, IL",40.0937746,-88.2518344,61820.0,1.42
"ity 612 Breen Dr. $517 /bed $1,550 /mth 3 bed 1 bath View Availability 617 Richards $0 /bed $1,400 /mth 3 bed 1 bath View Availability Avail",,998,2.0,1.0,,https://www.greenstrealty.com/properties,regex_context,"612 Breen Dr, Champaign, IL",40.0937746,-88.2518344,61820.0,1.42
"iew Availability CORNER OF WRIGHT AND GREEN 701 W. Elm St $475 - $638 /bed $1,275 - $1,425 /mth 2 - 3 bed 1 bath View Availability GREAT URB",,467,3.0,1.0,,https://www.greenstrealty.com/properties,regex_context,"701 W. Elm St, Champaign, IL",40.1164841,-88.2430932,,1.31
"th View Availability GREAT URBANA CAMPUS LOCATION! 702 S. Prairie St. $467 /bed $1,400 /mth 3 bed 2 bath View Availability BONUS ROOM & GARA",,600,3.0,2.0,,https://www.greenstrealty.com/properties,regex_context,"702 S. Prairie St, Champaign, IL",40.1087624,-88.2481943,61820.0,1.21
" OAKS 706 Breen Dr. $508 /bed $1,525 /mth 3 bed 1 bath View Availability 706 S Locust St $550 - $850 /bed $650 - $1,100 /mth studio - 2 bed ",,663,6.0,1.0,,https://www.greenstrealty.com/properties,regex_context,"706 Breen Dr, Champaign, IL",40.094191,-88.254338,61820.0,1.54
"bath View Availability LARGE 5 BEDROOM HOUSE! 709 W Green St $563 - $688 /bed $1,375 - $2,250 /mth 2 - 4 bed 1 - 2 bath View Availability CA",,517,5.0,2.0,,https://www.greenstrealty.com/properties,regex_context,"709 W Green St, Champaign, IL",40.1102981,-88.217007,61801.0,0.79
h View Availability GREAT URBANA CAMPUS LOCATION 713 S Sixth St $875 /bed $875 /mth 1 bed 1 bath View Availability PRIME CAMPUS LOCATIONS Av,,895,1.0,1.0,,https://www.greenstrealty.com/properties,regex_context,"713 S Sixth St, Champaign, IL",40.1093834,-88.2306202,61820.0,0.54
ilability GREAT URBANA CAMPUS LOCATION 713 S Sixth St $875 /bed $875 /mth 1 bed 1 bath View Availability PRIME CAMPUS LOCATIONS Available Au,,895,1.0,1.0,,https://www.greenstrealty.com/properties,regex_context,"713 S Sixth St, Champaign, IL",40.1093834,-88.2306202,61820.0,0.54
"irie St $517 /bed $1,550 /mth 3 bed 2 bath View Availability GREAT HOUSE WITH FENCED IN YARD! 801 Breen Dr. $542 /bed $1,625 /mth 3 bed 1.5 ",,483,3.0,2.0,,https://www.greenstrealty.com/properties,regex_context,"801 Breen Dr, Champaign, IL",40.0940358,-88.256225,61820.0,1.63
"ew Availability 804 S. Westlawn Ave. $542 /bed $1,625 /mth 3 bed 1.5 bath View Availability 805 Richards Ln. $525 /bed $1,575 /mth 3 bed 1.5",,795,3.0,1.5,,https://www.greenstrealty.com/properties,regex_context,"804 S. Westlawn Ave, Champaign, IL",40.107545,-88.271079,61821.0,2.36
"y 806 Breen Dr. $517 /bed $1,550 /mth 3 bed 1 bath View Availability Available August 2026 806 W Green St $638 /bed $1,275 /mth 1 - 2 bed 1 ",,567,6.0,1.0,,https://www.greenstrealty.com/properties,regex_context,"806 Breen Dr, Champaign, IL",40.094201,-88.2562988,61820.0,1.63
"- $1,700 /mth 2 - 3 bed 1 bath View Availability GREAT URBANA CAMPUS LOCATION! 808 Breen Dr $458 /bed $1,375 /mth 3 bed 1 bath View Availabi",,483,3.0,1.0,,https://www.greenstrealty.com/properties,regex_context,"808 Breen Dr, Champaign, IL",40.094201,-88.256338,61820.0,1.63
"0 /mth 2 - 3 bed 1 bath View Availability GREAT URBANA CAMPUS LOCATION! 808 Breen Dr $458 /bed $1,375 /mth 3 bed 1 bath View Availability Av",,598,3.0,1.0,,https://www.greenstrealty.com/properties,regex_context,"808 Breen Dr, Champaign, IL",40.094201,-88.256338,61820.0,1.63
"h View Availability UPDATED UNITS IN A GREAT CAMPUS LOCATION! 810 S. Prairie St. $425 /bed $1,700 /mth 4 bed 1.5 bath View Availability HUGE",,625,4.0,1.5,,https://www.greenstrealty.com/properties,regex_context,"810 S. Prairie St, Champaign, IL",40.1060699,-88.2480761,61820.0,1.14
"Availability UPDATED UNITS IN A GREAT CAMPUS LOCATION! 810 S. Prairie St. $425 /bed $1,700 /mth 4 bed 1.5 bath View Availability HUGE HOUSE ",,675,4.0,1.5,,https://www.greenstrealty.com/properties,regex_context,"810 S. Prairie St, Champaign, IL",40.1060699,-88.2480761,61820.0,1.14
"h View Availability HUGE HOUSE WITH FREE PARKING 810 W. Iowa St $625 - $675 /bed $1,250 - $1,350 /mth 2 bed 1 bath View Availability GREAT U",,463,2.0,1.0,,https://www.greenstrealty.com/properties,regex_context,"810 W. Iowa St, Champaign, IL",40.1046911,-88.2179389,61801.0,0.52
"Availability HUGE HOUSE WITH FREE PARKING 810 W. Iowa St $625 - $675 /bed $1,250 - $1,350 /mth 2 bed 1 bath View Availability GREAT URBANA C",,583,2.0,1.0,,https://www.greenstrealty.com/properties,regex_context,"810 W. Iowa St, Champaign, IL",40.1046911,-88.2179389,61801.0,0.52
"1 bath View Availability GREAT URBANA CAMPUS LOCATION! 811 W. Oregon St $463 - $583 /bed $1,750 - $1,850 /mth 3 - 4 bed 1 - 2 bath View Avai",,525,4.0,1.0,,https://www.greenstrealty.com/properties,regex_context,"811 W. Oregon St, Champaign, IL",40.1073526,-88.2179778,61801.0,0.61
"earch by Address Search by Address Done Show Map Reset Search Available August 2026 105 E Armory Ave $850 - $1,650 /bed $1,650 - $3,500 /mth",,500,4.0,4.0,,https://www.greenstrealty.com/properties/search/CYBZaINL9BoYzJdj3SMXBmHEH8fZajC2CgnCz8D0aqLlceLwMM9lPgXkHcVcQ48AHSPuLez0oz2UIhkwMfXBBmsE2pe81AgG0Rx9GeEwgJTy5RIymhIj1HTJ5dciBWPLbeEUltQ_WvzQBXCOxKRbz3zKDc3aCmVbcQgHl_wj6P2DAQ,regex_context,"2026 105 E Armory Ave, Champaign, IL",40.1053916,-88.2374885,61820.0,0.59
"ble August 2026 105 E Armory Ave $850 - $1,650 /bed $1,650 - $3,500 /mth 1 - 4 bed 1 - 4 bath View Availability $500 GIFT CARD SIGNING BONUS",,725,4.0,4.0,,https://www.greenstrealty.com/properties/search/CYBZaINL9BoYzJdj3SMXBmHEH8fZajC2CgnCz8D0aqLlceLwMM9lPgXkHcVcQ48AHSPuLez0oz2UIhkwMfXBBmsE2pe81AgG0Rx9GeEwgJTy5RIymhIj1HTJ5dciBWPLbeEUltQ_WvzQBXCOxKRbz3zKDc3aCmVbcQgHl_wj6P2DAQ,regex_context,"2026 105 E Armory Ave, Champaign, IL",40.1053916,-88.2374885,61820.0,0.59
"ust 2026 105 E Armory Ave $850 - $1,650 /bed $1,650 - $3,500 /mth 1 - 4 bed 1 - 4 bath View Availability $500 GIFT CARD SIGNING BONUS Availa",,800,4.0,4.0,,https://www.greenstrealty.com/properties/search/CYBZaINL9BoYzJdj3SMXBmHEH8fZajC2CgnCz8D0aqLlceLwMM9lPgXkHcVcQ48AHSPuLez0oz2UIhkwMfXBBmsE2pe81AgG0Rx9GeEwgJTy5RIymhIj1HTJ5dciBWPLbeEUltQ_WvzQBXCOxKRbz3zKDc3aCmVbcQgHl_wj6P2DAQ,regex_context,"2026 105 E Armory Ave, Champaign, IL",40.1053916,-88.2374885,61820.0,0.59
"View Availability COMPLETELY REMODELED UNITS 711 W. Elm St $425 - $550 /bed $1,700 /mth 3 - 4 bed 2 bath View Availability ALL-INCLUSIVE, FU",,925,4.0,2.0,,https://www.greenstrealty.com/properties/search/CYBZaINL9BoYzJdj3SMXBmHEH8fZajC2CgnCz8D0aqLlceLwMM9lPgXkHcVcQ48AHSPuLez0oz2UIhkwMfXBBmsE2pe81AgG0Rx9GeEwgJTy5RIymhIj1HTJ5dciBWPLbeEUltQ_WvzQBXCOxKRbz3zKDc3aCmVbcQgHl_wj6P2DAQ,regex_context,"711 W. Elm St, Champaign, IL",40.1164841,-88.2430932,,1.31
"bath View Availability Great campus location 1005 S. First St $995 - $1,025 /bed $995 - $1,025 /mth studio 1 bath View Availability Prime Lo",,865,0.0,1.0,,https://www.greenstrealty.com/properties/search/CYBZaINL9BoYzJdj3SMXBmHEH8fZajC2CgnCz8D0aqLlceLwMM9lPgXkHcVcQ48AHSPuLez0oz2UIhkwMfXBBmsE2pe81AgG0Rx9GeEwgJTy5RIymhIj1HTJ5dciBWPLbeEUltQ_WvzQBXCOxKRbz3zKDc3aCmVbcQgHl_wj6P2DAQ,regex_context,"1005 S. First St, Champaign, IL",40.1060107,-88.2390062,61820.0,0.68
"lity Prime Location, Super Affordable 1005 S. Oak St $865 /bed $8,650 /mth 5+ bed 1 bath View Availability LARGE GROUP HOUSE IN THE HEART OF",,925,2.0,1.0,,https://www.greenstrealty.com/properties/search/CYBZaINL9BoYzJdj3SMXBmHEH8fZajC2CgnCz8D0aqLlceLwMM9lPgXkHcVcQ48AHSPuLez0oz2UIhkwMfXBBmsE2pe81AgG0Rx9GeEwgJTy5RIymhIj1HTJ5dciBWPLbeEUltQ_WvzQBXCOxKRbz3zKDc3aCmVbcQgHl_wj6P2DAQ,regex_context,"1005 S. Oak St, Champaign, IL",40.1061033,-88.2418155,61820.0,0.82
"lity RECENTLY UPDATED 1007 S. Locust St $563 - $1,250 /bed $1,250 - $2,700 /mth 1 - 4 bed 1 - 2 bath View Availability GREAT CAMPUS LOCATION",,905,4.0,2.0,,https://www.greenstrealty.com/properties/search/CYBZaINL9BoYzJdj3SMXBmHEH8fZajC2CgnCz8D0aqLlceLwMM9lPgXkHcVcQ48AHSPuLez0oz2UIhkwMfXBBmsE2pe81AgG0Rx9GeEwgJTy5RIymhIj1HTJ5dciBWPLbeEUltQ_WvzQBXCOxKRbz3zKDc3aCmVbcQgHl_wj6P2DAQ,regex_context,"1007 S. Locust St, Champaign, IL",40.1058577,-88.2408185,61820.0,0.77
"ty GREAT CAMPUS LOCATION 101 E Daniel St $575 - $1,250 /bed $1,250 - $2,300 /mth 1 - 4 bed 1 - 2 bath View Availability GREAT CAMPUS LOCATIO",,517,4.0,2.0,,https://www.greenstrealty.com/properties/search/CYBZaINL9BoYzJdj3SMXBmHEH8fZajC2CgnCz8D0aqLlceLwMM9lPgXkHcVcQ48AHSPuLez0oz2UIhkwMfXBBmsE2pe81AgG0Rx9GeEwgJTy5RIymhIj1HTJ5dciBWPLbeEUltQ_WvzQBXCOxKRbz3zKDc3aCmVbcQgHl_wj6P2DAQ,regex_context,"101 E Daniel St, Champaign, IL",40.107611,-88.2384528,61820.0,0.71
"T CAMPUS LOCATION 101 E Daniel St $575 - $1,250 /bed $1,250 - $2,300 /mth 1 - 4 bed 1 - 2 bath View Availability GREAT CAMPUS LOCATION Avail",,700,4.0,2.0,,https://www.greenstrealty.com/properties/search/CYBZaINL9BoYzJdj3SMXBmHEH8fZajC2CgnCz8D0aqLlceLwMM9lPgXkHcVcQ48AHSPuLez0oz2UIhkwMfXBBmsE2pe81AgG0Rx9GeEwgJTy5RIymhIj1HTJ5dciBWPLbeEUltQ_WvzQBXCOxKRbz3zKDc3aCmVbcQgHl_wj6P2DAQ,regex_context,"101 E Daniel St, Champaign, IL",40.107611,-88.2384528,61820.0,0.71
"011 W. Stoughton St $525 - $650 /bed $1,950 - $2,000 /mth 3 - 4 bed 1 - 2 bath View Availability COMPLETELY REMODELED UNITS - ALL INCLUSIVE!",,538,4.0,2.0,,https://www.greenstrealty.com/properties/search/CYBZaINL9BoYzJdj3SMXBmHEH8fZajC2CgnCz8D0aqLlceLwMM9lPgXkHcVcQ48AHSPuLez0oz2UIhkwMfXBBmsE2pe81AgG0Rx9GeEwgJTy5RIymhIj1HTJ5dciBWPLbeEUltQ_WvzQBXCOxKRbz3zKDc3aCmVbcQgHl_wj6P2DAQ,regex_context,"011 W. Stoughton St, Champaign, IL",40.1135504,-88.2218623,61801.0,0.85
"ilability Great Campus Location! 105 S. Fourth St $650 - $1,095 /bed $1,095 - $1,300 /mth 1 - 2 bed 1 bath View Availability GREAT LOCATION ",,869,2.0,1.0,,https://www.greenstrealty.com/properties/search/CYBZaINL9BoYzJdj3SMXBmHEH8fZajC2CgnCz8D0aqLlceLwMM9lPgXkHcVcQ48AHSPuLez0oz2UIhkwMfXBBmsE2pe81AgG0Rx9GeEwgJTy5RIymhIj1HTJ5dciBWPLbeEUltQ_WvzQBXCOxKRbz3zKDc3aCmVbcQgHl_wj6P2DAQ,regex_context,"105 S. Fourth St, Champaign, IL",40.1157229,-88.2338899,61820.0,1.01
"bed 1 bath View Availability GREAT LOCATION NEAR ENGINEERING QUAD! 106 E Armory Ave $869 - $1,350 /bed $1,350 - $3,600 /mth studio - 4 bed 1",,558,0.0,1.0,,https://www.greenstrealty.com/properties/search/CYBZaINL9BoYzJdj3SMXBmHEH8fZajC2CgnCz8D0aqLlceLwMM9lPgXkHcVcQ48AHSPuLez0oz2UIhkwMfXBBmsE2pe81AgG0Rx9GeEwgJTy5RIymhIj1HTJ5dciBWPLbeEUltQ_WvzQBXCOxKRbz3zKDc3aCmVbcQgHl_wj6P2DAQ,regex_context,"106 E Armory Ave, Champaign, IL",40.1057377,-88.2379636,61820.0,0.63
"ath View Availability 108 E. Daniel St $869 - $1,013 /bed $2,025 - $3,600 /mth 2 - 4 bed 2 - 3 bath View Availability Walking Distance to th",,695,4.0,3.0,,https://www.greenstrealty.com/properties/search/CYBZaINL9BoYzJdj3SMXBmHEH8fZajC2CgnCz8D0aqLlceLwMM9lPgXkHcVcQ48AHSPuLez0oz2UIhkwMfXBBmsE2pe81AgG0Rx9GeEwgJTy5RIymhIj1HTJ5dciBWPLbeEUltQ_WvzQBXCOxKRbz3zKDc3aCmVbcQgHl_wj6P2DAQ,regex_context,"108 E. Daniel St, Champaign, IL",40.1081934,-88.2377439,61820.0,0.7
"w Availability 108 E. Daniel St $869 - $1,013 /bed $2,025 - $3,600 /mth 2 - 4 bed 2 - 3 bath View Availability Walking Distance to the Quad ",,775,4.0,3.0,,https://www.greenstrealty.com/properties/search/CYBZaINL9BoYzJdj3SMXBmHEH8fZajC2CgnCz8D0aqLlceLwMM9lPgXkHcVcQ48AHSPuLez0oz2UIhkwMfXBBmsE2pe81AgG0Rx9GeEwgJTy5RIymhIj1HTJ5dciBWPLbeEUltQ_WvzQBXCOxKRbz3zKDc3aCmVbcQgHl_wj6P2DAQ,regex_context,"108 E. Daniel St, Champaign, IL",40.1081934,-88.2377439,61820.0,0.7
ilability Walking Distance to the Quad 108 W. Green St $695 - $775 /bed $695 - $775 /mth studio - 1 bed 1 bath View Availability SECURE BUIL,,792,0.0,1.0,,https://www.greenstrealty.com/properties/search/CYBZaINL9BoYzJdj3SMXBmHEH8fZajC2CgnCz8D0aqLlceLwMM9lPgXkHcVcQ48AHSPuLez0oz2UIhkwMfXBBmsE2pe81AgG0Rx9GeEwgJTy5RIymhIj1HTJ5dciBWPLbeEUltQ_WvzQBXCOxKRbz3zKDc3aCmVbcQgHl_wj6P2DAQ,regex_context,"108 W. Green St, Champaign, IL",40.1104198,-88.2444437,61820.0,1.08
"View Availability SECURE BUILDING IN A GREAT LOCATION 109 E. John St $792 /bed $2,375 /mth 3 bed 1.5 bath View Availability Available August",,750,3.0,1.5,,https://www.greenstrealty.com/properties/search/CYBZaINL9BoYzJdj3SMXBmHEH8fZajC2CgnCz8D0aqLlceLwMM9lPgXkHcVcQ48AHSPuLez0oz2UIhkwMfXBBmsE2pe81AgG0Rx9GeEwgJTy5RIymhIj1HTJ5dciBWPLbeEUltQ_WvzQBXCOxKRbz3zKDc3aCmVbcQgHl_wj6P2DAQ,regex_context,"109 E. John St, Champaign, IL",40.1087284,-88.2374953,61820.0,0.72
"5 /bed $1,195 - $1,650 /mth 1 - 2 bed 1 - 1.5 bath View Availability CLOSE TO ENGINEERING! 1107 Broadmoor Dr. $483 /bed $1,450 /mth 3 bed 2 ",,675,2.0,1.5,,https://www.greenstrealty.com/properties/search/CYBZaINL9BoYzJdj3SMXBmHEH8fZajC2CgnCz8D0aqLlceLwMM9lPgXkHcVcQ48AHSPuLez0oz2UIhkwMfXBBmsE2pe81AgG0Rx9GeEwgJTy5RIymhIj1HTJ5dciBWPLbeEUltQ_WvzQBXCOxKRbz3zKDc3aCmVbcQgHl_wj6P2DAQ,regex_context,"1107 Broadmoor Dr, Champaign, IL",40.092521,-88.263836,61821.0,2.05
"CLOSE TO DOWNTOWN CHAMPAGIN 1401 Hollycrest Dr. $0 /bed $1,350 /mth 3 bed 1 bath View Availability 1415 Cambridge $0 /bed $1,250 /mth 3 bed ",,825,3.0,1.0,,https://www.greenstrealty.com/properties/search/CYBZaINL9BoYzJdj3SMXBmHEH8fZajC2CgnCz8D0aqLlceLwMM9lPgXkHcVcQ48AHSPuLez0oz2UIhkwMfXBBmsE2pe81AgG0Rx9GeEwgJTy5RIymhIj1HTJ5dciBWPLbeEUltQ_WvzQBXCOxKRbz3zKDc3aCmVbcQgHl_wj6P2DAQ,regex_context,"1401 Hollycrest Dr, Champaign, IL",40.100865,-88.279953,61821.0,2.8
"ility 1503 Dawson Drive $0 /bed $1,595 /mth 3 bed 2 bath View Availability 1507 W. John St. $375 /bed $1,500 /mth 4 bed 2 bath View Availabi",,598,3.0,2.0,,https://www.greenstrealty.com/properties/search/CYBZaINL9BoYzJdj3SMXBmHEH8fZajC2CgnCz8D0aqLlceLwMM9lPgXkHcVcQ48AHSPuLez0oz2UIhkwMfXBBmsE2pe81AgG0Rx9GeEwgJTy5RIymhIj1HTJ5dciBWPLbeEUltQ_WvzQBXCOxKRbz3zKDc3aCmVbcQgHl_wj6P2DAQ,regex_context,"1503 Dawson Drive, Champaign, IL",40.0993774,-88.2535002,61820.0,1.41
"View Availability 1706 W. White St. $0 /bed $1,100 /mth 3 bed 1 bath View Availability 1714 Crescent Drive $532 /bed $1,595 /mth 3 bed 1 bat",,517,3.0,1.0,,https://www.greenstrealty.com/properties/search/CYBZaINL9BoYzJdj3SMXBmHEH8fZajC2CgnCz8D0aqLlceLwMM9lPgXkHcVcQ48AHSPuLez0oz2UIhkwMfXBBmsE2pe81AgG0Rx9GeEwgJTy5RIymhIj1HTJ5dciBWPLbeEUltQ_WvzQBXCOxKRbz3zKDc3aCmVbcQgHl_wj6P2DAQ,regex_context,"1706 W. White St, Champaign, IL",40.1147093,-88.2751149,61821.0,2.69
"h View Availability 1714 Crescent Drive $532 /bed $1,595 /mth 3 bed 1 bath View Availability 1717 Coronado Drive $517 /bed $1,550 /mth 3 bed",,450,3.0,1.0,,https://www.greenstrealty.com/properties/search/CYBZaINL9BoYzJdj3SMXBmHEH8fZajC2CgnCz8D0aqLlceLwMM9lPgXkHcVcQ48AHSPuLez0oz2UIhkwMfXBBmsE2pe81AgG0Rx9GeEwgJTy5RIymhIj1HTJ5dciBWPLbeEUltQ_WvzQBXCOxKRbz3zKDc3aCmVbcQgHl_wj6P2DAQ,regex_context,"1714 Crescent Drive, Champaign, IL",40.095991,-88.2830095,61821.0,2.99
"ilability 1714 Crescent Drive $532 /bed $1,595 /mth 3 bed 1 bath View Availability 1717 Coronado Drive $517 /bed $1,550 /mth 3 bed 2 bath Vi",,900,3.0,1.0,,https://www.greenstrealty.com/properties/search/CYBZaINL9BoYzJdj3SMXBmHEH8fZajC2CgnCz8D0aqLlceLwMM9lPgXkHcVcQ48AHSPuLez0oz2UIhkwMfXBBmsE2pe81AgG0Rx9GeEwgJTy5RIymhIj1HTJ5dciBWPLbeEUltQ_WvzQBXCOxKRbz3zKDc3aCmVbcQgHl_wj6P2DAQ,regex_context,"1714 Crescent Drive, Champaign, IL",40.095991,-88.2830095,61821.0,2.99
ability 1727 Henry St $450 /bed $900 /mth 2 bed 1 bath View Availability COZY 2 BEDROOM UNITS! 1727 Park Haven Drive $0 /bed $0 /mth 1 bed 1,,567,2.0,1.0,,https://www.greenstrealty.com/properties/search/CYBZaINL9BoYzJdj3SMXBmHEH8fZajC2CgnCz8D0aqLlceLwMM9lPgXkHcVcQ48AHSPuLez0oz2UIhkwMfXBBmsE2pe81AgG0Rx9GeEwgJTy5RIymhIj1HTJ5dciBWPLbeEUltQ_WvzQBXCOxKRbz3zKDc3aCmVbcQgHl_wj6P2DAQ,regex_context,"1727 Henry St, Champaign, IL",40.107162,-88.275614,61821.0,2.59
"ity COZY 2 BEDROOM UNITS! 1727 Park Haven Drive $0 /bed $0 /mth 1 bed 1 bath View Availability 1728 Park Haven $567 /bed $1,700 /mth 3 bed 2",,533,2.0,1.0,,https://www.greenstrealty.com/properties/search/CYBZaINL9BoYzJdj3SMXBmHEH8fZajC2CgnCz8D0aqLlceLwMM9lPgXkHcVcQ48AHSPuLez0oz2UIhkwMfXBBmsE2pe81AgG0Rx9GeEwgJTy5RIymhIj1HTJ5dciBWPLbeEUltQ_WvzQBXCOxKRbz3zKDc3aCmVbcQgHl_wj6P2DAQ,regex_context,"1727 Park Haven Drive, Champaign, IL",40.0943481,-88.2515767,61820.0,1.4
" bath View Availability 1807 Meadow Dr. $483 /bed $1,450 /mth 3 bed 1 bath View Availability 1808 Park Haven Dr. $0 /bed $1,375 /mth 3 bed 1",,583,3.0,1.0,,https://www.greenstrealty.com/properties/search/CYBZaINL9BoYzJdj3SMXBmHEH8fZajC2CgnCz8D0aqLlceLwMM9lPgXkHcVcQ48AHSPuLez0oz2UIhkwMfXBBmsE2pe81AgG0Rx9GeEwgJTy5RIymhIj1HTJ5dciBWPLbeEUltQ_WvzQBXCOxKRbz3zKDc3aCmVbcQgHl_wj6P2DAQ,regex_context,"1807 Meadow Dr, Champaign, IL",40.099558,-88.2774229,61821.0,2.67
" bath View Availability 1808 Park Haven Dr. $0 /bed $1,375 /mth 3 bed 1 bath View Availability 1809 Sadler Dr. $583 /bed $1,750 /mth 3 bed 2",,725,3.0,1.0,,https://www.greenstrealty.com/properties/search/CYBZaINL9BoYzJdj3SMXBmHEH8fZajC2CgnCz8D0aqLlceLwMM9lPgXkHcVcQ48AHSPuLez0oz2UIhkwMfXBBmsE2pe81AgG0Rx9GeEwgJTy5RIymhIj1HTJ5dciBWPLbeEUltQ_WvzQBXCOxKRbz3zKDc3aCmVbcQgHl_wj6P2DAQ,regex_context,"1808 Park Haven Dr, Champaign, IL",40.0935189,-88.2513639,61820.0,1.41
"ath View Availability 1811 Sadler Dr. $725 /bed $1,450 /mth 2 bed 2 bath View Availability 1819 Sadler Dr. $583 /bed $1,750 /mth 3 bed 2 bat",,625,2.0,2.0,,https://www.greenstrealty.com/properties/search/CYBZaINL9BoYzJdj3SMXBmHEH8fZajC2CgnCz8D0aqLlceLwMM9lPgXkHcVcQ48AHSPuLez0oz2UIhkwMfXBBmsE2pe81AgG0Rx9GeEwgJTy5RIymhIj1HTJ5dciBWPLbeEUltQ_WvzQBXCOxKRbz3zKDc3aCmVbcQgHl_wj6P2DAQ,regex_context,"1811 Sadler Dr, Champaign, IL",40.094428,-88.2916395,61821.0,3.45
"lity 1819 Sadler Dr. $583 /bed $1,750 /mth 3 bed 2 bath View Availability 1901 N. Lincoln Ave $625 /bed $1,250 /mth 2 bed 2 bath View Availa",,508,3.0,2.0,,https://www.greenstrealty.com/properties/search/CYBZaINL9BoYzJdj3SMXBmHEH8fZajC2CgnCz8D0aqLlceLwMM9lPgXkHcVcQ48AHSPuLez0oz2UIhkwMfXBBmsE2pe81AgG0Rx9GeEwgJTy5RIymhIj1HTJ5dciBWPLbeEUltQ_WvzQBXCOxKRbz3zKDc3aCmVbcQgHl_wj6P2DAQ,regex_context,"1819 Sadler Dr, Champaign, IL",40.093609,-88.2916435,61821.0,3.46
h 2 - 3 bed 2 - 2.5 bath View Availability GREAT URBANA LOCATION! 2003 Broadmoor Dr $0 /bed $533 /mth 3 bed 1.5 bath View Availability HARDW,,563,3.0,2.5,,https://www.greenstrealty.com/properties/search/CYBZaINL9BoYzJdj3SMXBmHEH8fZajC2CgnCz8D0aqLlceLwMM9lPgXkHcVcQ48AHSPuLez0oz2UIhkwMfXBBmsE2pe81AgG0Rx9GeEwgJTy5RIymhIj1HTJ5dciBWPLbeEUltQ_WvzQBXCOxKRbz3zKDc3aCmVbcQgHl_wj6P2DAQ,regex_context,"2003 Broadmoor Dr, Champaign, IL",40.094124,-88.2802655,61821.0,2.86
 bed 2 - 2.5 bath View Availability GREAT URBANA LOCATION! 2003 Broadmoor Dr $0 /bed $533 /mth 3 bed 1.5 bath View Availability HARDWOOD FLO,,925,3.0,2.5,,https://www.greenstrealty.com/properties/search/CYBZaINL9BoYzJdj3SMXBmHEH8fZajC2CgnCz8D0aqLlceLwMM9lPgXkHcVcQ48AHSPuLez0oz2UIhkwMfXBBmsE2pe81AgG0Rx9GeEwgJTy5RIymhIj1HTJ5dciBWPLbeEUltQ_WvzQBXCOxKRbz3zKDc3aCmVbcQgHl_wj6P2DAQ,regex_context,"2003 Broadmoor Dr, Champaign, IL",40.094124,-88.2802655,61821.0,2.86
.5 bath View Availability GREAT URBANA LOCATION! 2003 Broadmoor Dr $0 /bed $533 /mth 3 bed 1.5 bath View Availability HARDWOOD FLOORING THRO,,925,3.0,5.0,,https://www.greenstrealty.com/properties/search/CYBZaINL9BoYzJdj3SMXBmHEH8fZajC2CgnCz8D0aqLlceLwMM9lPgXkHcVcQ48AHSPuLez0oz2UIhkwMfXBBmsE2pe81AgG0Rx9GeEwgJTy5RIymhIj1HTJ5dciBWPLbeEUltQ_WvzQBXCOxKRbz3zKDc3aCmVbcQgHl_wj6P2DAQ,regex_context,"2003 Broadmoor Dr, Champaign, IL",40.094124,-88.2802655,61821.0,2.86
"lity HARDWOOD FLOORING THROUGHOUT 201 S Busey Ave $563 - $925 /bed $925 - $1,125 /mth 1 - 2 bed 1 bath View Availability AWESOME LOFTED UNIT",,875,2.0,1.0,,https://www.greenstrealty.com/properties/search/CYBZaINL9BoYzJdj3SMXBmHEH8fZajC2CgnCz8D0aqLlceLwMM9lPgXkHcVcQ48AHSPuLez0oz2UIhkwMfXBBmsE2pe81AgG0Rx9GeEwgJTy5RIymhIj1HTJ5dciBWPLbeEUltQ_WvzQBXCOxKRbz3zKDc3aCmVbcQgHl_wj6P2DAQ,regex_context,"201 S Busey Ave, Champaign, IL",40.11132,-88.217847,61801.0,0.81
" - 2 bed 1 - 2 bath View Availability CAMPUS EDGE- AWESOME LOCATION WITH SPACIOUS UNITS 2017 Southwood Dr. $0 /bed $1,325 /mth 3 bed 1 bath ",,875,2.0,2.0,,https://www.greenstrealty.com/properties/search/CYBZaINL9BoYzJdj3SMXBmHEH8fZajC2CgnCz8D0aqLlceLwMM9lPgXkHcVcQ48AHSPuLez0oz2UIhkwMfXBBmsE2pe81AgG0Rx9GeEwgJTy5RIymhIj1HTJ5dciBWPLbeEUltQ_WvzQBXCOxKRbz3zKDc3aCmVbcQgHl_wj6P2DAQ,regex_context,"2017 Southwood Dr, Champaign, IL",40.0955105,-88.2827765,61821.0,2.98
" - 2 bath View Availability CAMPUS EDGE- AWESOME LOCATION WITH SPACIOUS UNITS 2017 Southwood Dr. $0 /bed $1,325 /mth 3 bed 1 bath View Avail",,875,3.0,2.0,,https://www.greenstrealty.com/properties/search/CYBZaINL9BoYzJdj3SMXBmHEH8fZajC2CgnCz8D0aqLlceLwMM9lPgXkHcVcQ48AHSPuLez0oz2UIhkwMfXBBmsE2pe81AgG0Rx9GeEwgJTy5RIymhIj1HTJ5dciBWPLbeEUltQ_WvzQBXCOxKRbz3zKDc3aCmVbcQgHl_wj6P2DAQ,regex_context,"2017 Southwood Dr, Champaign, IL",40.0955105,-88.2827765,61821.0,2.98
"2017 Southwood Dr. $0 /bed $1,325 /mth 3 bed 1 bath View Availability 202 E Springfield Ave $875 /bed $875 /mth 1 bed 1 bath View Availabili",,517,3.0,1.0,,https://www.greenstrealty.com/properties/search/CYBZaINL9BoYzJdj3SMXBmHEH8fZajC2CgnCz8D0aqLlceLwMM9lPgXkHcVcQ48AHSPuLez0oz2UIhkwMfXBBmsE2pe81AgG0Rx9GeEwgJTy5RIymhIj1HTJ5dciBWPLbeEUltQ_WvzQBXCOxKRbz3zKDc3aCmVbcQgHl_wj6P2DAQ,regex_context,"2017 Southwood Dr, Champaign, IL",40.0955105,-88.2827765,61821.0,2.98
" View Availability 208 E. White St $565 - $725 /bed $1,450 - $1,695 /mth 2 - 3 bed 1 bath View Availability PRIME LOCATION, INTERNET INCLUDE",,648,3.0,1.0,,https://www.greenstrealty.com/properties/search/CYBZaINL9BoYzJdj3SMXBmHEH8fZajC2CgnCz8D0aqLlceLwMM9lPgXkHcVcQ48AHSPuLez0oz2UIhkwMfXBBmsE2pe81AgG0Rx9GeEwgJTy5RIymhIj1HTJ5dciBWPLbeEUltQ_WvzQBXCOxKRbz3zKDc3aCmVbcQgHl_wj6P2DAQ,regex_context,"208 E. White St, Champaign, IL",40.1147003,-88.2361364,61820.0,1.0
"vailability 208 E. White St $565 - $725 /bed $1,450 - $1,695 /mth 2 - 3 bed 1 bath View Availability PRIME LOCATION, INTERNET INCLUDED Avail",,663,3.0,1.0,,https://www.greenstrealty.com/properties/search/CYBZaINL9BoYzJdj3SMXBmHEH8fZajC2CgnCz8D0aqLlceLwMM9lPgXkHcVcQ48AHSPuLez0oz2UIhkwMfXBBmsE2pe81AgG0Rx9GeEwgJTy5RIymhIj1HTJ5dciBWPLbeEUltQ_WvzQBXCOxKRbz3zKDc3aCmVbcQgHl_wj6P2DAQ,regex_context,"208 E. White St, Champaign, IL",40.1147003,-88.2361364,61820.0,1.0
"6 209 E. Clark St $648 - $663 /bed $1,295 - $1,325 /mth 2 bed 1 bath View Availability CLOSE TO DOWNTOWN AND CAMPUS! Available August 2026 2",,750,2.0,1.0,,https://www.greenstrealty.com/properties/search/CYBZaINL9BoYzJdj3SMXBmHEH8fZajC2CgnCz8D0aqLlceLwMM9lPgXkHcVcQ48AHSPuLez0oz2UIhkwMfXBBmsE2pe81AgG0Rx9GeEwgJTy5RIymhIj1HTJ5dciBWPLbeEUltQ_WvzQBXCOxKRbz3zKDc3aCmVbcQgHl_wj6P2DAQ,regex_context,"6 209 E. Clark St, Champaign, IL",40.1153818,-88.2378186,61820.0,1.08
"ND DOWNTOWN URBANA 210 E. White St $565 - $725 /bed $1,450 - $1,695 /mth 2 - 3 bed 1 bath View Availability GREAT LOCATION, INTERNET INCLUDE",,438,3.0,1.0,,https://www.greenstrealty.com/properties/search/CYBZaINL9BoYzJdj3SMXBmHEH8fZajC2CgnCz8D0aqLlceLwMM9lPgXkHcVcQ48AHSPuLez0oz2UIhkwMfXBBmsE2pe81AgG0Rx9GeEwgJTy5RIymhIj1HTJ5dciBWPLbeEUltQ_WvzQBXCOxKRbz3zKDc3aCmVbcQgHl_wj6P2DAQ,regex_context,"210 E. White St, Champaign, IL",40.1146921,-88.2359167,61820.0,0.99
"TOWN URBANA 210 E. White St $565 - $725 /bed $1,450 - $1,695 /mth 2 - 3 bed 1 bath View Availability GREAT LOCATION, INTERNET INCLUDED Avail",,548,3.0,1.0,,https://www.greenstrealty.com/properties/search/CYBZaINL9BoYzJdj3SMXBmHEH8fZajC2CgnCz8D0aqLlceLwMM9lPgXkHcVcQ48AHSPuLez0oz2UIhkwMfXBBmsE2pe81AgG0Rx9GeEwgJTy5RIymhIj1HTJ5dciBWPLbeEUltQ_WvzQBXCOxKRbz3zKDc3aCmVbcQgHl_wj6P2DAQ,regex_context,"210 E. White St, Champaign, IL",40.1146921,-88.2359167,61820.0,0.99
"203 Belmore Drive $517 /bed $1,550 /mth 3 bed 1.5 bath View Availability COMPLETELY REMODELED 2403 Hathaway $0 /bed $1,375 /mth 3 bed 1.5 ba",,583,3.0,1.5,,https://www.greenstrealty.com/properties/search/CYBZaINL9BoYzJdj3SMXBmHEH8fZajC2CgnCz8D0aqLlceLwMM9lPgXkHcVcQ48AHSPuLez0oz2UIhkwMfXBBmsE2pe81AgG0Rx9GeEwgJTy5RIymhIj1HTJ5dciBWPLbeEUltQ_WvzQBXCOxKRbz3zKDc3aCmVbcQgHl_wj6P2DAQ,regex_context,"203 Belmore Drive, Champaign, IL",40.0876826,-88.2834252,61821.0,3.14
"w Availability 2702 Southwood Dr. $583 /bed $1,750 /mth 3 bed 2 bath View Availability 2804 Southwood Dr. $0 /bed $1,700 /mth 3 bed 2 bath V",,550,3.0,2.0,,https://www.greenstrealty.com/properties/search/CYBZaINL9BoYzJdj3SMXBmHEH8fZajC2CgnCz8D0aqLlceLwMM9lPgXkHcVcQ48AHSPuLez0oz2UIhkwMfXBBmsE2pe81AgG0Rx9GeEwgJTy5RIymhIj1HTJ5dciBWPLbeEUltQ_WvzQBXCOxKRbz3zKDc3aCmVbcQgHl_wj6P2DAQ,regex_context,"2702 Southwood Dr, Champaign, IL",40.093466,-88.291056,61821.0,3.43
"04 Southwood Dr. $0 /bed $1,700 /mth 3 bed 2 bath View Availability 2906 S. Myra Ridge Dr. $550 /bed $1,650 /mth 3 bed 2 bath View Availabil",,483,3.0,2.0,,https://www.greenstrealty.com/properties/search/CYBZaINL9BoYzJdj3SMXBmHEH8fZajC2CgnCz8D0aqLlceLwMM9lPgXkHcVcQ48AHSPuLez0oz2UIhkwMfXBBmsE2pe81AgG0Rx9GeEwgJTy5RIymhIj1HTJ5dciBWPLbeEUltQ_WvzQBXCOxKRbz3zKDc3aCmVbcQgHl_wj6P2DAQ,regex_context,"04 Southwood Dr, Champaign, IL",40.0956108,-88.2823308,61821.0,2.95
"2906 S. Myra Ridge Dr. $550 /bed $1,650 /mth 3 bed 2 bath View Availability RECENTLY UPDATED 3001 W. Daniel St. $483 /bed $1,450 /mth 3 bed ",,713,3.0,2.0,,https://www.greenstrealty.com/properties/search/CYBZaINL9BoYzJdj3SMXBmHEH8fZajC2CgnCz8D0aqLlceLwMM9lPgXkHcVcQ48AHSPuLez0oz2UIhkwMfXBBmsE2pe81AgG0Rx9GeEwgJTy5RIymhIj1HTJ5dciBWPLbeEUltQ_WvzQBXCOxKRbz3zKDc3aCmVbcQgHl_wj6P2DAQ,regex_context,"2906 S. Myra Ridge Dr, Champaign, IL",40.0745304,-88.1851877,61802.0,2.92
"D 3001 W. Daniel St. $483 /bed $1,450 /mth 3 bed 1 bath View Availability 301 E Clark St $713 - $1,195 /bed $1,195 - $1,425 /mth 1 - 2 bed 1",,588,3.0,1.0,,https://www.greenstrealty.com/properties/search/CYBZaINL9BoYzJdj3SMXBmHEH8fZajC2CgnCz8D0aqLlceLwMM9lPgXkHcVcQ48AHSPuLez0oz2UIhkwMfXBBmsE2pe81AgG0Rx9GeEwgJTy5RIymhIj1HTJ5dciBWPLbeEUltQ_WvzQBXCOxKRbz3zKDc3aCmVbcQgHl_wj6P2DAQ,regex_context,"3001 W. Daniel St, Champaign, IL",40.108082,-88.295547,61821.0,3.65
"ity GREAT CAMPUS LOCATION CLOSE TO COUNTY MARKET 301 S Fourth St $738 /bed $1,475 /mth 2 bed 2 bath View Availability CLOSE TO ENGINEERING C",,925,2.0,2.0,,https://www.greenstrealty.com/properties/search/CYBZaINL9BoYzJdj3SMXBmHEH8fZajC2CgnCz8D0aqLlceLwMM9lPgXkHcVcQ48AHSPuLez0oz2UIhkwMfXBBmsE2pe81AgG0Rx9GeEwgJTy5RIymhIj1HTJ5dciBWPLbeEUltQ_WvzQBXCOxKRbz3zKDc3aCmVbcQgHl_wj6P2DAQ,regex_context,"301 S Fourth St, Champaign, IL",40.1141399,-88.2337785,61820.0,0.91
"CAMPUS LOCATION CLOSE TO COUNTY MARKET 301 S Fourth St $738 /bed $1,475 /mth 2 bed 2 bath View Availability CLOSE TO ENGINEERING CAMPUS AND ",,925,2.0,2.0,,https://www.greenstrealty.com/properties/search/CYBZaINL9BoYzJdj3SMXBmHEH8fZajC2CgnCz8D0aqLlceLwMM9lPgXkHcVcQ48AHSPuLez0oz2UIhkwMfXBBmsE2pe81AgG0Rx9GeEwgJTy5RIymhIj1HTJ5dciBWPLbeEUltQ_WvzQBXCOxKRbz3zKDc3aCmVbcQgHl_wj6P2DAQ,regex_context,"301 S Fourth St, Champaign, IL",40.1141399,-88.2337785,61820.0,0.91
LOSE TO ENGINEERING CAMPUS AND GROCERY STORE! 301 W Green St $925 /bed $925 /mth 1 bed 1 bath View Availability CLOSE TO CAMPUS AND DOWNTOWN,,617,1.0,1.0,,https://www.greenstrealty.com/properties/search/CYBZaINL9BoYzJdj3SMXBmHEH8fZajC2CgnCz8D0aqLlceLwMM9lPgXkHcVcQ48AHSPuLez0oz2UIhkwMfXBBmsE2pe81AgG0Rx9GeEwgJTy5RIymhIj1HTJ5dciBWPLbeEUltQ_WvzQBXCOxKRbz3zKDc3aCmVbcQgHl_wj6P2DAQ,regex_context,"301 W Green St, Champaign, IL",40.1099179,-88.2470272,61820.0,1.18
"ETELY REMODELED UNITS 302 S. State St $625 - $1,050 /bed $625 - $1,050 /mth studio - 1 bed 1 bath View Availability GREAT LOCATION CLOSE TO ",,483,0.0,1.0,,https://www.greenstrealty.com/properties/search/CYBZaINL9BoYzJdj3SMXBmHEH8fZajC2CgnCz8D0aqLlceLwMM9lPgXkHcVcQ48AHSPuLez0oz2UIhkwMfXBBmsE2pe81AgG0Rx9GeEwgJTy5RIymhIj1HTJ5dciBWPLbeEUltQ_WvzQBXCOxKRbz3zKDc3aCmVbcQgHl_wj6P2DAQ,regex_context,"302 S. State St, Champaign, IL",40.1142151,-88.2466921,61820.0,1.33
"lability UPDATED UNITS, GREAT LOCATION! 305 S. Fifth St $880 /bed $8,800 /mth 5+ bed 5 bath View Availability GROUP HOUSE IN A GREAT LOCATIO",,825,2.0,5.0,,https://www.greenstrealty.com/properties/search/CYBZaINL9BoYzJdj3SMXBmHEH8fZajC2CgnCz8D0aqLlceLwMM9lPgXkHcVcQ48AHSPuLez0oz2UIhkwMfXBBmsE2pe81AgG0Rx9GeEwgJTy5RIymhIj1HTJ5dciBWPLbeEUltQ_WvzQBXCOxKRbz3zKDc3aCmVbcQgHl_wj6P2DAQ,regex_context,"305 S. Fifth St, Champaign, IL",40.1138574,-88.2323508,61820.0,0.86
" Availability Modern Downtown Champaign Living 305 W. Elm St $548 /bed $1,095 /mth 2 bed 1 bath View Availability GREAT URBANA LOCATION CLOS",,500,2.0,1.0,,https://www.greenstrealty.com/properties/search/CYBZaINL9BoYzJdj3SMXBmHEH8fZajC2CgnCz8D0aqLlceLwMM9lPgXkHcVcQ48AHSPuLez0oz2UIhkwMfXBBmsE2pe81AgG0Rx9GeEwgJTy5RIymhIj1HTJ5dciBWPLbeEUltQ_WvzQBXCOxKRbz3zKDc3aCmVbcQgHl_wj6P2DAQ,regex_context,"305 W. Elm St, Champaign, IL",40.1164841,-88.2430932,,1.31
" Availability GREAT URBANA LOCATION CLOSE TO DOWNTOWN AND CAMPUS 306 E Clark St $500 - $1,200 /bed $1,200 - $1,500 /mth studio - 3 bed 1 - 2",,600,0.0,2.0,,https://www.greenstrealty.com/properties/search/CYBZaINL9BoYzJdj3SMXBmHEH8fZajC2CgnCz8D0aqLlceLwMM9lPgXkHcVcQ48AHSPuLez0oz2UIhkwMfXBBmsE2pe81AgG0Rx9GeEwgJTy5RIymhIj1HTJ5dciBWPLbeEUltQ_WvzQBXCOxKRbz3zKDc3aCmVbcQgHl_wj6P2DAQ,regex_context,"306 E Clark St, Champaign, IL",40.1155906,-88.2347639,61820.0,1.02
bath View Availability ASK ABOUT SIGNING SPECIAL 306 S. Fifth St $843 /bed $11 /mth 5+ bed 5 bath View Availability GREAT GROUP HOUSE! Avail,,950,4.0,5.0,,https://www.greenstrealty.com/properties/search/CYBZaINL9BoYzJdj3SMXBmHEH8fZajC2CgnCz8D0aqLlceLwMM9lPgXkHcVcQ48AHSPuLez0oz2UIhkwMfXBBmsE2pe81AgG0Rx9GeEwgJTy5RIymhIj1HTJ5dciBWPLbeEUltQ_WvzQBXCOxKRbz3zKDc3aCmVbcQgHl_wj6P2DAQ,regex_context,"306 S. Fifth St, Champaign, IL",40.1138469,-88.2318281,61820.0,0.85
" studio - 3 bed 1 - 1.5 bath View Availability GREAT CAMPUS LOCATION! 313 Stanage Ave $465 /bed $1,395 /mth 3 bed 1 bath View Availability C",,867,0.0,1.5,,https://www.greenstrealty.com/properties/search/CYBZaINL9BoYzJdj3SMXBmHEH8fZajC2CgnCz8D0aqLlceLwMM9lPgXkHcVcQ48AHSPuLez0oz2UIhkwMfXBBmsE2pe81AgG0Rx9GeEwgJTy5RIymhIj1HTJ5dciBWPLbeEUltQ_WvzQBXCOxKRbz3zKDc3aCmVbcQgHl_wj6P2DAQ,regex_context,"313 Stanage Ave, Champaign, IL",40.1047772,-88.2481645,61820.0,1.13
" - 3 bed 1 - 1.5 bath View Availability GREAT CAMPUS LOCATION! 313 Stanage Ave $465 /bed $1,395 /mth 3 bed 1 bath View Availability COMPLETE",,913,3.0,1.5,,https://www.greenstrealty.com/properties/search/CYBZaINL9BoYzJdj3SMXBmHEH8fZajC2CgnCz8D0aqLlceLwMM9lPgXkHcVcQ48AHSPuLez0oz2UIhkwMfXBBmsE2pe81AgG0Rx9GeEwgJTy5RIymhIj1HTJ5dciBWPLbeEUltQ_WvzQBXCOxKRbz3zKDc3aCmVbcQgHl_wj6P2DAQ,regex_context,"313 Stanage Ave, Champaign, IL",40.1047772,-88.2481645,61820.0,1.13
"32 E. Chester St. $1,550 /bed $1,550 /mth 1 bed 1 bath View Availability Available August 2026 320 N Neil St $1,000 /bed $2,000 /mth 2 bed 2",,450,1.0,1.0,,https://www.greenstrealty.com/properties/search/CYBZaINL9BoYzJdj3SMXBmHEH8fZajC2CgnCz8D0aqLlceLwMM9lPgXkHcVcQ48AHSPuLez0oz2UIhkwMfXBBmsE2pe81AgG0Rx9GeEwgJTy5RIymhIj1HTJ5dciBWPLbeEUltQ_WvzQBXCOxKRbz3zKDc3aCmVbcQgHl_wj6P2DAQ,regex_context,"32 E. Chester St, Champaign, IL",40.1165592,-88.2419939,61820.0,1.27
"20 N Neil St $1,000 /bed $2,000 /mth 2 bed 2 bath View Availability 325 N. Fair St. $450 /bed $1,350 /mth 3 bed 1 bath View Availability Ava",,788,2.0,2.0,,https://www.greenstrealty.com/properties/search/CYBZaINL9BoYzJdj3SMXBmHEH8fZajC2CgnCz8D0aqLlceLwMM9lPgXkHcVcQ48AHSPuLez0oz2UIhkwMfXBBmsE2pe81AgG0Rx9GeEwgJTy5RIymhIj1HTJ5dciBWPLbeEUltQ_WvzQBXCOxKRbz3zKDc3aCmVbcQgHl_wj6P2DAQ,regex_context,"20 N Neil St, Champaign, IL",40.1358446,-88.2436521,61820.0,2.49
"UIET AREA Available August 2026 402-408 W. Church St. $898 - $1,495 /bed $1,250 - $1,795 /mth studio - 2 bed 1 - 2 bath View Availability AC",,625,0.0,2.0,,https://www.greenstrealty.com/properties/search/CYBZaINL9BoYzJdj3SMXBmHEH8fZajC2CgnCz8D0aqLlceLwMM9lPgXkHcVcQ48AHSPuLez0oz2UIhkwMfXBBmsE2pe81AgG0Rx9GeEwgJTy5RIymhIj1HTJ5dciBWPLbeEUltQ_WvzQBXCOxKRbz3zKDc3aCmVbcQgHl_wj6P2DAQ,regex_context,"408 W. Church St, Champaign, IL",40.1184876,-88.2491986,61820.0,1.63
"h View Availability Fully Remodeled Units 406 N. Randolph St. $463 - $1,000 /bed $900 - $1,000 /mth 1 - 2 bed 1 bath View Availability Avail",,995,2.0,1.0,,https://www.greenstrealty.com/properties/search/CYBZaINL9BoYzJdj3SMXBmHEH8fZajC2CgnCz8D0aqLlceLwMM9lPgXkHcVcQ48AHSPuLez0oz2UIhkwMfXBBmsE2pe81AgG0Rx9GeEwgJTy5RIymhIj1HTJ5dciBWPLbeEUltQ_WvzQBXCOxKRbz3zKDc3aCmVbcQgHl_wj6P2DAQ,regex_context,"406 N. Randolph St, Champaign, IL",40.1193854,-88.2450753,61820.0,1.53
"ilability Fully Remodeled Units 406 N. Randolph St. $463 - $1,000 /bed $900 - $1,000 /mth 1 - 2 bed 1 bath View Availability Available Augus",,800,2.0,1.0,,https://www.greenstrealty.com/properties/search/CYBZaINL9BoYzJdj3SMXBmHEH8fZajC2CgnCz8D0aqLlceLwMM9lPgXkHcVcQ48AHSPuLez0oz2UIhkwMfXBBmsE2pe81AgG0Rx9GeEwgJTy5RIymhIj1HTJ5dciBWPLbeEUltQ_WvzQBXCOxKRbz3zKDc3aCmVbcQgHl_wj6P2DAQ,regex_context,"406 N. Randolph St, Champaign, IL",40.1193854,-88.2450753,61820.0,1.53
"ty Fully Remodeled Units 406 N. Randolph St. $463 - $1,000 /bed $900 - $1,000 /mth 1 - 2 bed 1 bath View Availability Available August 2026 ",,995,2.0,1.0,,https://www.greenstrealty.com/properties/search/CYBZaINL9BoYzJdj3SMXBmHEH8fZajC2CgnCz8D0aqLlceLwMM9lPgXkHcVcQ48AHSPuLez0oz2UIhkwMfXBBmsE2pe81AgG0Rx9GeEwgJTy5RIymhIj1HTJ5dciBWPLbeEUltQ_WvzQBXCOxKRbz3zKDc3aCmVbcQgHl_wj6P2DAQ,regex_context,"406 N. Randolph St, Champaign, IL",40.1193854,-88.2450753,61820.0,1.53
"OCATION 501 E. University Ave $800 - $898 /bed $1,795 - $2,400 /mth 2 - 3 bed 2 bath View Availability GREAT LOCATION NEAR ENGINEERING CAMPU",,900,3.0,2.0,,https://www.greenstrealty.com/properties/search/CYBZaINL9BoYzJdj3SMXBmHEH8fZajC2CgnCz8D0aqLlceLwMM9lPgXkHcVcQ48AHSPuLez0oz2UIhkwMfXBBmsE2pe81AgG0Rx9GeEwgJTy5RIymhIj1HTJ5dciBWPLbeEUltQ_WvzQBXCOxKRbz3zKDc3aCmVbcQgHl_wj6P2DAQ,regex_context,"501 E. University Ave, Champaign, IL",40.116072,-88.2317838,61820.0,1.0
"STANDING LOCATION NEAR COUNTY MARKET 505 S. Second St $888 /bed $14 - $3,550 /mth 4 - 5+ bed 4.5 - 5 bath View Availability AMAZING UNITS WI",,795,1.0,5.0,,https://www.greenstrealty.com/properties/search/CYBZaINL9BoYzJdj3SMXBmHEH8fZajC2CgnCz8D0aqLlceLwMM9lPgXkHcVcQ48AHSPuLez0oz2UIhkwMfXBBmsE2pe81AgG0Rx9GeEwgJTy5RIymhIj1HTJ5dciBWPLbeEUltQ_WvzQBXCOxKRbz3zKDc3aCmVbcQgHl_wj6P2DAQ,regex_context,"505 S. Second St, Champaign, IL",40.1121395,-88.23741,61820.0,0.88
"OCATION NEAR COUNTY MARKET 505 S. Second St $888 /bed $14 - $3,550 /mth 4 - 5+ bed 4.5 - 5 bath View Availability AMAZING UNITS WITH HUGE RO",,795,1.0,5.0,,https://www.greenstrealty.com/properties/search/CYBZaINL9BoYzJdj3SMXBmHEH8fZajC2CgnCz8D0aqLlceLwMM9lPgXkHcVcQ48AHSPuLez0oz2UIhkwMfXBBmsE2pe81AgG0Rx9GeEwgJTy5RIymhIj1HTJ5dciBWPLbeEUltQ_WvzQBXCOxKRbz3zKDc3aCmVbcQgHl_wj6P2DAQ,regex_context,"505 S. Second St, Champaign, IL",40.1121395,-88.23741,61820.0,0.88
 UNITS WITH HUGE ROOFTOP LOUNGE 506 W. Griggs St $795 /bed $795 /mth 1 bed 1 bath View Availability GREAT URBANA LOCATION WITH FREE PARKING!,,488,1.0,1.0,,https://www.greenstrealty.com/properties/search/CYBZaINL9BoYzJdj3SMXBmHEH8fZajC2CgnCz8D0aqLlceLwMM9lPgXkHcVcQ48AHSPuLez0oz2UIhkwMfXBBmsE2pe81AgG0Rx9GeEwgJTy5RIymhIj1HTJ5dciBWPLbeEUltQ_WvzQBXCOxKRbz3zKDc3aCmVbcQgHl_wj6P2DAQ,regex_context,"506 W. Griggs St, Champaign, IL",40.1145901,-88.2128599,61801.0,1.15
H HUGE ROOFTOP LOUNGE 506 W. Griggs St $795 /bed $795 /mth 1 bed 1 bath View Availability GREAT URBANA LOCATION WITH FREE PARKING! Available,,975,1.0,1.0,,https://www.greenstrealty.com/properties/search/CYBZaINL9BoYzJdj3SMXBmHEH8fZajC2CgnCz8D0aqLlceLwMM9lPgXkHcVcQ48AHSPuLez0oz2UIhkwMfXBBmsE2pe81AgG0Rx9GeEwgJTy5RIymhIj1HTJ5dciBWPLbeEUltQ_WvzQBXCOxKRbz3zKDc3aCmVbcQgHl_wj6P2DAQ,regex_context,"506 W. Griggs St, Champaign, IL",40.1145901,-88.2128599,61801.0,1.15
"bath View Availability 508 S. First St $613 - $1,100 /bed $950 - $2,500 /mth studio - 4 bed 1 - 2 bath View Availability LARGE UNITS WITH IN",,795,0.0,2.0,,https://www.greenstrealty.com/properties/search/CYBZaINL9BoYzJdj3SMXBmHEH8fZajC2CgnCz8D0aqLlceLwMM9lPgXkHcVcQ48AHSPuLez0oz2UIhkwMfXBBmsE2pe81AgG0Rx9GeEwgJTy5RIymhIj1HTJ5dciBWPLbeEUltQ_WvzQBXCOxKRbz3zKDc3aCmVbcQgHl_wj6P2DAQ,regex_context,"508 S. First St, Champaign, IL",40.1118627,-88.2385366,61820.0,0.91
"Availability 508 S. First St $613 - $1,100 /bed $950 - $2,500 /mth studio - 4 bed 1 - 2 bath View Availability LARGE UNITS WITH IN-UNIT WASH",,795,0.0,2.0,,https://www.greenstrealty.com/properties/search/CYBZaINL9BoYzJdj3SMXBmHEH8fZajC2CgnCz8D0aqLlceLwMM9lPgXkHcVcQ48AHSPuLez0oz2UIhkwMfXBBmsE2pe81AgG0Rx9GeEwgJTy5RIymhIj1HTJ5dciBWPLbeEUltQ_WvzQBXCOxKRbz3zKDc3aCmVbcQgHl_wj6P2DAQ,regex_context,"508 S. First St, Champaign, IL",40.1118627,-88.2385366,61820.0,0.91
 bath View Availability LARGE UNITS WITH IN-UNIT WASHER AND DRYER 508 W. Griggs St $795 /bed $795 /mth 1 bed 1 bath View Availability FREE P,,995,1.0,1.0,,https://www.greenstrealty.com/properties/search/CYBZaINL9BoYzJdj3SMXBmHEH8fZajC2CgnCz8D0aqLlceLwMM9lPgXkHcVcQ48AHSPuLez0oz2UIhkwMfXBBmsE2pe81AgG0Rx9GeEwgJTy5RIymhIj1HTJ5dciBWPLbeEUltQ_WvzQBXCOxKRbz3zKDc3aCmVbcQgHl_wj6P2DAQ,regex_context,"508 W. Griggs St, Champaign, IL",40.1145902,-88.2128612,61801.0,1.15
lity LARGE UNITS WITH IN-UNIT WASHER AND DRYER 508 W. Griggs St $795 /bed $795 /mth 1 bed 1 bath View Availability FREE PARKING AND GREAT BA,,995,1.0,1.0,,https://www.greenstrealty.com/properties/search/CYBZaINL9BoYzJdj3SMXBmHEH8fZajC2CgnCz8D0aqLlceLwMM9lPgXkHcVcQ48AHSPuLez0oz2UIhkwMfXBBmsE2pe81AgG0Rx9GeEwgJTy5RIymhIj1HTJ5dciBWPLbeEUltQ_WvzQBXCOxKRbz3zKDc3aCmVbcQgHl_wj6P2DAQ,regex_context,"508 W. Griggs St, Champaign, IL",40.1145902,-88.2128612,61801.0,1.15
"ath View Availability 511 Breen Dr $550 /bed $1,650 /mth 3 bed 2 bath View Availability 512 Breen Dr. $0 /bed $1,325 /mth 3 bed 1 bath View ",,895,1.0,2.0,,https://www.greenstrealty.com/properties/search/CYBZaINL9BoYzJdj3SMXBmHEH8fZajC2CgnCz8D0aqLlceLwMM9lPgXkHcVcQ48AHSPuLez0oz2UIhkwMfXBBmsE2pe81AgG0Rx9GeEwgJTy5RIymhIj1HTJ5dciBWPLbeEUltQ_WvzQBXCOxKRbz3zKDc3aCmVbcQgHl_wj6P2DAQ,regex_context,"511 Breen Dr, Champaign, IL",40.0936031,-88.2511687,61820.0,1.4
"ilable August 2026 54 E. John St $1,300 - $1,425 /bed $1,300 - $1,425 /mth studio - 1 bed 1 bath View Availability ALL INCLUSIVE UNITS! WALK",,613,0.0,1.0,,https://www.greenstrealty.com/properties/search/CYBZaINL9BoYzJdj3SMXBmHEH8fZajC2CgnCz8D0aqLlceLwMM9lPgXkHcVcQ48AHSPuLez0oz2UIhkwMfXBBmsE2pe81AgG0Rx9GeEwgJTy5RIymhIj1HTJ5dciBWPLbeEUltQ_WvzQBXCOxKRbz3zKDc3aCmVbcQgHl_wj6P2DAQ,regex_context,"2026 54 E. John St, Champaign, IL",40.1090407,-88.2345331,61820.0,0.62
"ailability CLOSE TO KAM'S AND NIGHTLIFE ON GREEN STREET 56 1/2 E Green St $1,125 /bed $1,125 /mth 1 bed 1 bath View Availability RECENTLY RE",,790,1.0,1.0,,https://www.greenstrealty.com/properties/search/CYBZaINL9BoYzJdj3SMXBmHEH8fZajC2CgnCz8D0aqLlceLwMM9lPgXkHcVcQ48AHSPuLez0oz2UIhkwMfXBBmsE2pe81AgG0Rx9GeEwgJTy5RIymhIj1HTJ5dciBWPLbeEUltQ_WvzQBXCOxKRbz3zKDc3aCmVbcQgHl_wj6P2DAQ,regex_context,"2 E Green St, Champaign, IL",40.110263,-88.243308,61820.0,1.03
"h View Availability Available August 2026 57 E John St $698 - $1,225 /bed $1,075 - $1,395 /mth studio - 2 bed 1 bath View Availability Avail",,925,0.0,1.0,,https://www.greenstrealty.com/properties/search/CYBZaINL9BoYzJdj3SMXBmHEH8fZajC2CgnCz8D0aqLlceLwMM9lPgXkHcVcQ48AHSPuLez0oz2UIhkwMfXBBmsE2pe81AgG0Rx9GeEwgJTy5RIymhIj1HTJ5dciBWPLbeEUltQ_WvzQBXCOxKRbz3zKDc3aCmVbcQgHl_wj6P2DAQ,regex_context,"2026 57 E John St, Champaign, IL",40.1090407,-88.2345331,61820.0,0.62
"ilability Available August 2026 57 E John St $698 - $1,225 /bed $1,075 - $1,395 /mth studio - 2 bed 1 bath View Availability Available Augus",,795,0.0,1.0,,https://www.greenstrealty.com/properties/search/CYBZaINL9BoYzJdj3SMXBmHEH8fZajC2CgnCz8D0aqLlceLwMM9lPgXkHcVcQ48AHSPuLez0oz2UIhkwMfXBBmsE2pe81AgG0Rx9GeEwgJTy5RIymhIj1HTJ5dciBWPLbeEUltQ_WvzQBXCOxKRbz3zKDc3aCmVbcQgHl_wj6P2DAQ,regex_context,"2026 57 E John St, Champaign, IL",40.1090407,-88.2345331,61820.0,0.62
"ty Available August 2026 57 E John St $698 - $1,225 /bed $1,075 - $1,395 /mth studio - 2 bed 1 bath View Availability Available August 2026 ",,925,0.0,1.0,,https://www.greenstrealty.com/properties/search/CYBZaINL9BoYzJdj3SMXBmHEH8fZajC2CgnCz8D0aqLlceLwMM9lPgXkHcVcQ48AHSPuLez0oz2UIhkwMfXBBmsE2pe81AgG0Rx9GeEwgJTy5RIymhIj1HTJ5dciBWPLbeEUltQ_WvzQBXCOxKRbz3zKDc3aCmVbcQgHl_wj6P2DAQ,regex_context,"2026 57 E John St, Champaign, IL",40.1090407,-88.2345331,61820.0,0.62
" Availability GREAT GROUP HOUSE 606 Breen Dr. $517 /bed $1,550 /mth 3 bed 1 bath View Availability 606 Richards Ln. $0 /bed $1,375 /mth 3 be",,583,6.0,1.0,,https://www.greenstrealty.com/properties/search/CYBZaINL9BoYzJdj3SMXBmHEH8fZajC2CgnCz8D0aqLlceLwMM9lPgXkHcVcQ48AHSPuLez0oz2UIhkwMfXBBmsE2pe81AgG0Rx9GeEwgJTy5RIymhIj1HTJ5dciBWPLbeEUltQ_WvzQBXCOxKRbz3zKDc3aCmVbcQgHl_wj6P2DAQ,regex_context,"606 Breen Dr, Champaign, IL",40.0937728,-88.2517272,61820.0,1.42
" View Availability GREAT LOCATION BETWEEN GREEN AND JOHN 608 Breen Dr. $575 /bed $1,725 /mth 3 bed 2.5 bath View Availability Available Augu",,950,3.0,2.5,,https://www.greenstrealty.com/properties/search/CYBZaINL9BoYzJdj3SMXBmHEH8fZajC2CgnCz8D0aqLlceLwMM9lPgXkHcVcQ48AHSPuLez0oz2UIhkwMfXBBmsE2pe81AgG0Rx9GeEwgJTy5RIymhIj1HTJ5dciBWPLbeEUltQ_WvzQBXCOxKRbz3zKDc3aCmVbcQgHl_wj6P2DAQ,regex_context,"608 Breen Dr, Champaign, IL",40.0937734,-88.2517629,61820.0,1.42
"ailability 612 Breen Dr. $517 /bed $1,550 /mth 3 bed 1 bath View Availability 617 Richards $0 /bed $1,400 /mth 3 bed 1 bath View Availabilit",,800,2.0,1.0,,https://www.greenstrealty.com/properties/search/CYBZaINL9BoYzJdj3SMXBmHEH8fZajC2CgnCz8D0aqLlceLwMM9lPgXkHcVcQ48AHSPuLez0oz2UIhkwMfXBBmsE2pe81AgG0Rx9GeEwgJTy5RIymhIj1HTJ5dciBWPLbeEUltQ_WvzQBXCOxKRbz3zKDc3aCmVbcQgHl_wj6P2DAQ,regex_context,"612 Breen Dr, Champaign, IL",40.0937746,-88.2518344,61820.0,1.42
"ity 612 Breen Dr. $517 /bed $1,550 /mth 3 bed 1 bath View Availability 617 Richards $0 /bed $1,400 /mth 3 bed 1 bath View Availability Avail",,998,2.0,1.0,,https://www.greenstrealty.com/properties/search/CYBZaINL9BoYzJdj3SMXBmHEH8fZajC2CgnCz8D0aqLlceLwMM9lPgXkHcVcQ48AHSPuLez0oz2UIhkwMfXBBmsE2pe81AgG0Rx9GeEwgJTy5RIymhIj1HTJ5dciBWPLbeEUltQ_WvzQBXCOxKRbz3zKDc3aCmVbcQgHl_wj6P2DAQ,regex_context,"612 Breen Dr, Champaign, IL",40.0937746,-88.2518344,61820.0,1.42
"iew Availability CORNER OF WRIGHT AND GREEN 701 W. Elm St $475 - $638 /bed $1,275 - $1,425 /mth 2 - 3 bed 1 bath View Availability GREAT URB",,467,3.0,1.0,,https://www.greenstrealty.com/properties/search/CYBZaINL9BoYzJdj3SMXBmHEH8fZajC2CgnCz8D0aqLlceLwMM9lPgXkHcVcQ48AHSPuLez0oz2UIhkwMfXBBmsE2pe81AgG0Rx9GeEwgJTy5RIymhIj1HTJ5dciBWPLbeEUltQ_WvzQBXCOxKRbz3zKDc3aCmVbcQgHl_wj6P2DAQ,regex_context,"701 W. Elm St, Champaign, IL",40.1164841,-88.2430932,,1.31
"th View Availability GREAT URBANA CAMPUS LOCATION! 702 S. Prairie St. $467 /bed $1,400 /mth 3 bed 2 bath View Availability BONUS ROOM & GARA",,600,3.0,2.0,,https://www.greenstrealty.com/properties/search/CYBZaINL9BoYzJdj3SMXBmHEH8fZajC2CgnCz8D0aqLlceLwMM9lPgXkHcVcQ48AHSPuLez0oz2UIhkwMfXBBmsE2pe81AgG0Rx9GeEwgJTy5RIymhIj1HTJ5dciBWPLbeEUltQ_WvzQBXCOxKRbz3zKDc3aCmVbcQgHl_wj6P2DAQ,regex_context,"702 S. Prairie St, Champaign, IL",40.1087624,-88.2481943,61820.0,1.21
" OAKS 706 Breen Dr. $508 /bed $1,525 /mth 3 bed 1 bath View Availability 706 S Locust St $550 - $850 /bed $650 - $1,100 /mth studio - 2 bed ",,663,6.0,1.0,,https://www.greenstrealty.com/properties/search/CYBZaINL9BoYzJdj3SMXBmHEH8fZajC2CgnCz8D0aqLlceLwMM9lPgXkHcVcQ48AHSPuLez0oz2UIhkwMfXBBmsE2pe81AgG0Rx9GeEwgJTy5RIymhIj1HTJ5dciBWPLbeEUltQ_WvzQBXCOxKRbz3zKDc3aCmVbcQgHl_wj6P2DAQ,regex_context,"706 Breen Dr, Champaign, IL",40.094191,-88.254338,61820.0,1.54
"bath View Availability LARGE 5 BEDROOM HOUSE! 709 W Green St $563 - $688 /bed $1,375 - $2,250 /mth 2 - 4 bed 1 - 2 bath View Availability CA",,517,5.0,2.0,,https://www.greenstrealty.com/properties/search/CYBZaINL9BoYzJdj3SMXBmHEH8fZajC2CgnCz8D0aqLlceLwMM9lPgXkHcVcQ48AHSPuLez0oz2UIhkwMfXBBmsE2pe81AgG0Rx9GeEwgJTy5RIymhIj1HTJ5dciBWPLbeEUltQ_WvzQBXCOxKRbz3zKDc3aCmVbcQgHl_wj6P2DAQ,regex_context,"709 W Green St, Champaign, IL",40.1102981,-88.217007,61801.0,0.79
h View Availability GREAT URBANA CAMPUS LOCATION 713 S Sixth St $875 /bed $875 /mth 1 bed 1 bath View Availability PRIME CAMPUS LOCATIONS Av,,895,1.0,1.0,,https://www.greenstrealty.com/properties/search/CYBZaINL9BoYzJdj3SMXBmHEH8fZajC2CgnCz8D0aqLlceLwMM9lPgXkHcVcQ48AHSPuLez0oz2UIhkwMfXBBmsE2pe81AgG0Rx9GeEwgJTy5RIymhIj1HTJ5dciBWPLbeEUltQ_WvzQBXCOxKRbz3zKDc3aCmVbcQgHl_wj6P2DAQ,regex_context,"713 S Sixth St, Champaign, IL",40.1093834,-88.2306202,61820.0,0.54
ilability GREAT URBANA CAMPUS LOCATION 713 S Sixth St $875 /bed $875 /mth 1 bed 1 bath View Availability PRIME CAMPUS LOCATIONS Available Au,,895,1.0,1.0,,https://www.greenstrealty.com/properties/search/CYBZaINL9BoYzJdj3SMXBmHEH8fZajC2CgnCz8D0aqLlceLwMM9lPgXkHcVcQ48AHSPuLez0oz2UIhkwMfXBBmsE2pe81AgG0Rx9GeEwgJTy5RIymhIj1HTJ5dciBWPLbeEUltQ_WvzQBXCOxKRbz3zKDc3aCmVbcQgHl_wj6P2DAQ,regex_context,"713 S Sixth St, Champaign, IL",40.1093834,-88.2306202,61820.0,0.54
"irie St $517 /bed $1,550 /mth 3 bed 2 bath View Availability GREAT HOUSE WITH FENCED IN YARD! 801 Breen Dr. $542 /bed $1,625 /mth 3 bed 1.5 ",,483,3.0,2.0,,https://www.greenstrealty.com/properties/search/CYBZaINL9BoYzJdj3SMXBmHEH8fZajC2CgnCz8D0aqLlceLwMM9lPgXkHcVcQ48AHSPuLez0oz2UIhkwMfXBBmsE2pe81AgG0Rx9GeEwgJTy5RIymhIj1HTJ5dciBWPLbeEUltQ_WvzQBXCOxKRbz3zKDc3aCmVbcQgHl_wj6P2DAQ,regex_context,"801 Breen Dr, Champaign, IL",40.0940358,-88.256225,61820.0,1.63
"ew Availability 804 S. Westlawn Ave. $542 /bed $1,625 /mth 3 bed 1.5 bath View Availability 805 Richards Ln. $525 /bed $1,575 /mth 3 bed 1.5",,795,3.0,1.5,,https://www.greenstrealty.com/properties/search/CYBZaINL9BoYzJdj3SMXBmHEH8fZajC2CgnCz8D0aqLlceLwMM9lPgXkHcVcQ48AHSPuLez0oz2UIhkwMfXBBmsE2pe81AgG0Rx9GeEwgJTy5RIymhIj1HTJ5dciBWPLbeEUltQ_WvzQBXCOxKRbz3zKDc3aCmVbcQgHl_wj6P2DAQ,regex_context,"804 S. Westlawn Ave, Champaign, IL",40.107545,-88.271079,61821.0,2.36
"y 806 Breen Dr. $517 /bed $1,550 /mth 3 bed 1 bath View Availability Available August 2026 806 W Green St $638 /bed $1,275 /mth 1 - 2 bed 1 ",,567,6.0,1.0,,https://www.greenstrealty.com/properties/search/CYBZaINL9BoYzJdj3SMXBmHEH8fZajC2CgnCz8D0aqLlceLwMM9lPgXkHcVcQ48AHSPuLez0oz2UIhkwMfXBBmsE2pe81AgG0Rx9GeEwgJTy5RIymhIj1HTJ5dciBWPLbeEUltQ_WvzQBXCOxKRbz3zKDc3aCmVbcQgHl_wj6P2DAQ,regex_context,"806 Breen Dr, Champaign, IL",40.094201,-88.2562988,61820.0,1.63
"- $1,700 /mth 2 - 3 bed 1 bath View Availability GREAT URBANA CAMPUS LOCATION! 808 Breen Dr $458 /bed $1,375 /mth 3 bed 1 bath View Availabi",,483,3.0,1.0,,https://www.greenstrealty.com/properties/search/CYBZaINL9BoYzJdj3SMXBmHEH8fZajC2CgnCz8D0aqLlceLwMM9lPgXkHcVcQ48AHSPuLez0oz2UIhkwMfXBBmsE2pe81AgG0Rx9GeEwgJTy5RIymhIj1HTJ5dciBWPLbeEUltQ_WvzQBXCOxKRbz3zKDc3aCmVbcQgHl_wj6P2DAQ,regex_context,"808 Breen Dr, Champaign, IL",40.094201,-88.256338,61820.0,1.63
"0 /mth 2 - 3 bed 1 bath View Availability GREAT URBANA CAMPUS LOCATION! 808 Breen Dr $458 /bed $1,375 /mth 3 bed 1 bath View Availability Av",,598,3.0,1.0,,https://www.greenstrealty.com/properties/search/CYBZaINL9BoYzJdj3SMXBmHEH8fZajC2CgnCz8D0aqLlceLwMM9lPgXkHcVcQ48AHSPuLez0oz2UIhkwMfXBBmsE2pe81AgG0Rx9GeEwgJTy5RIymhIj1HTJ5dciBWPLbeEUltQ_WvzQBXCOxKRbz3zKDc3aCmVbcQgHl_wj6P2DAQ,regex_context,"808 Breen Dr, Champaign, IL",40.094201,-88.256338,61820.0,1.63
"h View Availability UPDATED UNITS IN A GREAT CAMPUS LOCATION! 810 S. Prairie St. $425 /bed $1,700 /mth 4 bed 1.5 bath View Availability HUGE",,625,4.0,1.5,,https://www.greenstrealty.com/properties/search/CYBZaINL9BoYzJdj3SMXBmHEH8fZajC2CgnCz8D0aqLlceLwMM9lPgXkHcVcQ48AHSPuLez0oz2UIhkwMfXBBmsE2pe81AgG0Rx9GeEwgJTy5RIymhIj1HTJ5dciBWPLbeEUltQ_WvzQBXCOxKRbz3zKDc3aCmVbcQgHl_wj6P2DAQ,regex_context,"810 S. Prairie St, Champaign, IL",40.1060699,-88.2480761,61820.0,1.14
"Availability UPDATED UNITS IN A GREAT CAMPUS LOCATION! 810 S. Prairie St. $425 /bed $1,700 /mth 4 bed 1.5 bath View Availability HUGE HOUSE ",,675,4.0,1.5,,https://www.greenstrealty.com/properties/search/CYBZaINL9BoYzJdj3SMXBmHEH8fZajC2CgnCz8D0aqLlceLwMM9lPgXkHcVcQ48AHSPuLez0oz2UIhkwMfXBBmsE2pe81AgG0Rx9GeEwgJTy5RIymhIj1HTJ5dciBWPLbeEUltQ_WvzQBXCOxKRbz3zKDc3aCmVbcQgHl_wj6P2DAQ,regex_context,"810 S. Prairie St, Champaign, IL",40.1060699,-88.2480761,61820.0,1.14
"h View Availability HUGE HOUSE WITH FREE PARKING 810 W. Iowa St $625 - $675 /bed $1,250 - $1,350 /mth 2 bed 1 bath View Availability GREAT U",,463,2.0,1.0,,https://www.greenstrealty.com/properties/search/CYBZaINL9BoYzJdj3SMXBmHEH8fZajC2CgnCz8D0aqLlceLwMM9lPgXkHcVcQ48AHSPuLez0oz2UIhkwMfXBBmsE2pe81AgG0Rx9GeEwgJTy5RIymhIj1HTJ5dciBWPLbeEUltQ_WvzQBXCOxKRbz3zKDc3aCmVbcQgHl_wj6P2DAQ,regex_context,"810 W. Iowa St, Champaign, IL",40.1046911,-88.2179389,61801.0,0.52
"Availability HUGE HOUSE WITH FREE PARKING 810 W. Iowa St $625 - $675 /bed $1,250 - $1,350 /mth 2 bed 1 bath View Availability GREAT URBANA C",,583,2.0,1.0,,https://www.greenstrealty.com/properties/search/CYBZaINL9BoYzJdj3SMXBmHEH8fZajC2CgnCz8D0aqLlceLwMM9lPgXkHcVcQ48AHSPuLez0oz2UIhkwMfXBBmsE2pe81AgG0Rx9GeEwgJTy5RIymhIj1HTJ5dciBWPLbeEUltQ_WvzQBXCOxKRbz3zKDc3aCmVbcQgHl_wj6P2DAQ,regex_context,"810 W. Iowa St, Champaign, IL",40.1046911,-88.2179389,61801.0,0.52
"1 bath View Availability GREAT URBANA CAMPUS LOCATION! 811 W. Oregon St $463 - $583 /bed $1,750 - $1,850 /mth 3 - 4 bed 1 - 2 bath View Avai",,525,4.0,1.0,,https://www.greenstrealty.com/properties/search/CYBZaINL9BoYzJdj3SMXBmHEH8fZajC2CgnCz8D0aqLlceLwMM9lPgXkHcVcQ48AHSPuLez0oz2UIhkwMfXBBmsE2pe81AgG0Rx9GeEwgJTy5RIymhIj1HTJ5dciBWPLbeEUltQ_WvzQBXCOxKRbz3zKDc3aCmVbcQgHl_wj6P2DAQ,regex_context,"811 W. Oregon St, Champaign, IL",40.1073526,-88.2179778,61801.0,0.61
" Online Schedule Showing 54 E Chalmers St Champaign IL, 61820 Schedule a Showing View All Images Back to Listings Beds Baths Price Availabil",,725,4.0,,,https://www.greenstrealty.com/properties/profile/54-e-chalmers-st,regex_context,"54 E Chalmers St, Champaign, IL",40.1068759,-88.2397655,61820.0,0.75
"edule Showing 54 E Chalmers St Champaign IL, 61820 Schedule a Showing View All Images Back to Listings Beds Baths Price Availability 4 Bed (",,2900,4.0,,,https://www.greenstrealty.com/properties/profile/54-e-chalmers-st,regex_context,"54 E Chalmers St, Champaign, IL",40.1068759,-88.2397655,61820.0,0.75
"roperties below to find the right fit for you. Roommate Match Available August 2026 105 E Armory Ave $850 - $1,650 /bed $1,650 - $3,500 /mth",,500,4.0,4.0,,https://www.greenstrealty.com/student-housing/roommate-matching,regex_context,"2026 105 E Armory Ave, Champaign, IL",40.1053916,-88.2374885,61820.0,0.59
"ble August 2026 105 E Armory Ave $850 - $1,650 /bed $1,650 - $3,500 /mth 1 - 4 bed 1 - 4 bath View Availability $500 GIFT CARD SIGNING BONUS",,725,4.0,4.0,,https://www.greenstrealty.com/student-housing/roommate-matching,regex_context,"2026 105 E Armory Ave, Champaign, IL",40.1053916,-88.2374885,61820.0,0.59
"ust 2026 105 E Armory Ave $850 - $1,650 /bed $1,650 - $3,500 /mth 1 - 4 bed 1 - 4 bath View Availability $500 GIFT CARD SIGNING BONUS Availa",,800,4.0,4.0,,https://www.greenstrealty.com/student-housing/roommate-matching,regex_context,"2026 105 E Armory Ave, Champaign, IL",40.1053916,-88.2374885,61820.0,0.59
"26 55 E. Green St $825 - $1,495 /bed $1,495 - $3,400 /mth 1 - 4 bed 1 - 4 bath View Availability CLOSE TO KAM'S AND NIGHTLIFE ON GREEN STREE",,800,4.0,4.0,,https://www.greenstrealty.com/student-housing/roommate-matching,regex_context,"26 55 E. Green St, Champaign, IL",40.110284,-88.2319726,61820.0,0.62
"NUS 105 E Armory Ave Champaign IL, 61820 Schedule a Showing View All Images Back to Listings Beds Baths Price Availability 1 Bedroom 1 1.0 $",,1050,1.0,,,https://www.greenstrealty.com/properties/profile/105-e-armory-ave,regex_context,"105 E Armory Ave, Champaign, IL",40.1053051,-88.2384537,61820.0,0.64
09 S Locust St 5 Bedroom House This is some text inside of a div block. By-the-bed! Furnished 4 Bedrooms 1 Bathroom 4 Bedrooms / 1 Bathrooms,,2400,5.0,1.0,,https://www.roland-realty.com/for-rent/available-fall/short-term-student-apartments-available-fall?available=true,regex_context,"09 S Locust St, Champaign, IL",40.1138067,-88.2396206,61820.0,1.05
52 E Daniel St 4 Bedroom House This is some text inside of a div block. By-the-bed! Furnished 4 Bedrooms 2 Bathrooms 4 Bedrooms / 2 Bathroom,,2400,4.0,2.0,,https://www.roland-realty.com/for-rent/available-fall/short-term-student-apartments-available-fall?available=true,regex_context,"52 E Daniel St, Champaign, IL",40.1080961,-88.2398909,61820.0,0.79
2.5 E Daniel St 4 Bedroom House This is some text inside of a div block. By-the-bed! Furnished 4 Bedrooms 1 Bathroom 4 Bedrooms / 1 Bathroom,,2400,4.0,1.0,,https://www.roland-realty.com/for-rent/available-fall/short-term-student-apartments-available-fall?available=true,regex_context,"5 E Daniel St, Champaign, IL",40.1078055,-88.2413147,61820.0,0.85
.5 E Daniel St 4 Bedroom House This is some text inside of a div block. By-the-bed! Furnished 3 Bedrooms 1 Bathroom 3 Bedrooms / 1 Bathrooms,,1800,4.0,1.0,,https://www.roland-realty.com/for-rent/available-fall/short-term-student-apartments-available-fall?available=true,regex_context,"5 E Daniel St, Champaign, IL",40.1078055,-88.2413147,61820.0,0.85
7 S Locust St 3 Bedroom Apartment This is some text inside of a div block. By-the-bed! Furnished 3 Bedrooms 1 Bathroom 3 Bedrooms / 1 Bathro,,1800,3.0,1.0,,https://www.roland-realty.com/for-rent/available-fall/short-term-student-apartments-available-fall?available=true,regex_context,"7 S Locust St, Champaign, IL",40.1138067,-88.2396206,61820.0,1.05
0 E Daniel St 3 Bedroom House This is some text inside of a div block. By-the-bed! Furnished 2 Bedrooms 1 Bathroom 2 Bedrooms / 1 Bathrooms ,,1200,3.0,1.0,,https://www.roland-realty.com/for-rent/available-fall/short-term-student-apartments-available-fall?available=true,regex_context,"0 E Daniel St, Champaign, IL",40.1079934,-88.229593,61820.0,0.43
alse 1006 S Oak St 4 Bedroom Duplex This is some text inside of a div block. By-the-bed! Furnished Studio 1 Bathroom 1 Bedrooms / 1 Bathroom,,765,4.0,1.0,,https://www.roland-realty.com/for-rent/available-now/all-unit-listings,regex_context,"1006 S Oak St, Champaign, IL",40.1060431,-88.2412321,61820.0,0.79
913 S Oak St 6 Bedroom House This is some text inside of a div block. By-the-bed! Furnished 6 Bedrooms 2 Bathrooms 6 Bedrooms / 2 Bathrooms ,,4542,6.0,2.0,,https://www.roland-realty.com/for-rent/available-now/all-unit-listings,regex_context,"913 S Oak St, Champaign, IL",40.1066908,-88.2417931,61820.0,0.84
e 911 S Oak St 2 Bedroom Apartment This is some text inside of a div block. By-the-bed! Furnished 5 Bedrooms 2 Bathrooms 5 Bedrooms / 2 Bath,,5585,2.0,2.0,,https://www.roland-realty.com/for-rent/available-now/all-unit-listings,regex_context,"911 S Oak St, Champaign, IL",40.1068548,-88.2419656,61820.0,0.85
2 S Oak St 5 Bedroom House This is some text inside of a div block. By-the-bed! Furnished 2 Bedrooms 1.5 Bathrooms 2 Bedrooms / 1.5 Bathroom,,1530,5.0,1.5,,https://www.roland-realty.com/for-rent/available-now/all-unit-listings,regex_context,"2 S Oak St, Champaign, IL",40.107122,-88.2412539,61820.0,0.82
e 911 S First St 8 Bed and Up House This is some text inside of a div block. By-the-bed! Furnished Studio 1 Bathroom 1 Bedrooms / 1 Bathroom,,765,0.0,1.0,,https://www.roland-realty.com/for-rent/available-now/all-unit-listings,regex_context,"911 S First St, Champaign, IL",40.1068809,-88.2390082,61820.0,0.71
lse 910 S Oak St 8 Bed and Up House This is some text inside of a div block. By-the-bed! Furnished Studio 1 Bathroom 1 Bedrooms / 1 Bathroom,,765,0.0,1.0,,https://www.roland-realty.com/for-rent/available-now/all-unit-listings,regex_context,"910 S Oak St, Champaign, IL",40.1069942,-88.2412396,61820.0,0.82
lse 909 S First St Studio Apartment This is some text inside of a div block. By-the-bed! Furnished Studio 1 Bathroom 1 Bedrooms / 1 Bathroom,,765,0.0,1.0,,https://www.roland-realty.com/for-rent/available-now/all-unit-listings,regex_context,"909 S First St, Champaign, IL",40.1070586,-88.2390224,61820.0,0.72
9 S First St Studio Apartment This is some text inside of a div block. By-the-bed! Furnished 5 Bedrooms 3 Bathrooms 5 Bedrooms / 3 Bathrooms,,4350,0.0,3.0,,https://www.roland-realty.com/for-rent/available-now/all-unit-listings,regex_context,"9 S First St, Champaign, IL",40.111429,-88.2387153,61820.0,0.89
 909 S First St 5 Bedroom Apartment This is some text inside of a div block. By-the-bed! Furnished Studio 1 Bathroom 1 Bedrooms / 1 Bathroom,,765,5.0,1.0,,https://www.roland-realty.com/for-rent/available-now/all-unit-listings,regex_context,"909 S First St, Champaign, IL",40.1070586,-88.2390224,61820.0,0.72
se 909 S First St Studio Apartment This is some text inside of a div block. By-the-bed! Furnished Studio 1 Bathroom 1 Bedrooms / 1 Bathrooms,,765,0.0,1.0,,https://www.roland-realty.com/for-rent/available-now/all-unit-listings,regex_context,"909 S First St, Champaign, IL",40.1070586,-88.2390224,61820.0,0.72
06 S Oak St 7 Bedroom Duplex This is some text inside of a div block. By-the-bed! Furnished 6 Bedrooms 2 Bathrooms 6 Bedrooms / 2 Bathrooms ,,4542,6.0,2.0,,https://www.roland-realty.com/for-rent/available-fall/all-unit-listings,regex_context,"06 S Oak St, Champaign, IL",40.1017079,-88.2414971,61820.0,0.76
lse 806 S 1st St 6 Bedroom Other This is some text inside of a div block. By-the-bed! Furnished 6 Bedrooms 3 Bathrooms 6 Bedrooms / 3 Bathro,,5382,6.0,3.0,,https://www.roland-realty.com/for-rent/available-fall/all-unit-listings,regex_context,"806 S 1st St, Champaign, IL",40.3096162,-88.3465872,,15.66
 Apply Now 809 S Locust St Inquire Apply Now Available Fall 26' Immediate Fall 25' Immediate No items found. Studio / 1.5 Bathrooms 5 Bedroo,,3000,0.0,1.5,,https://www.roland-realty.com/unit-listings/809-s-locust-st,regex_context,"809 S Locust St, Champaign, IL",40.1082626,-88.240578,61820.0,0.83
